matchId,puuid,summonerName,championName,participantId,timestamp_ms,event_type,itemId
EUW1_7588761849,_d1xR7LqkgVmO9TEP6CmwbVk3F-4OOY02m5jH6nXxeXzyU0cGplA7ar6mEwWV_IzOU1zxm-xQ5WjmQ,,Volibear,1,4053,ITEM_PURCHASED,1056
EUW1_7588761849,_d1xR7LqkgVmO9TEP6CmwbVk3F-4OOY02m5jH6nXxeXzyU0cGplA7ar6mEwWV_IzOU1zxm-xQ5WjmQ,,Volibear,1,4053,ITEM_PURCHASED,2003
EUW1_7588761849,_d1xR7LqkgVmO9TEP6CmwbVk3F-4OOY02m5jH6nXxeXzyU0cGplA7ar6mEwWV_IzOU1zxm-xQ5WjmQ,,Volibear,1,4053,ITEM_PURCHASED,2003
EUW1_7588761849,_d1xR7LqkgVmO9TEP6CmwbVk3F-4OOY02m5jH6nXxeXzyU0cGplA7ar6mEwWV_IzOU1zxm-xQ5WjmQ,,Volibear,1,106818,ITEM_DESTROYED,2003
EUW1_7588761849,_d1xR7LqkgVmO9TEP6CmwbVk3F-4OOY02m5jH6nXxeXzyU0cGplA7ar6mEwWV_IzOU1zxm-xQ5WjmQ,,Volibear,1,114367,ITEM_DESTROYED,2003
EUW1_7588761849,_d1xR7LqkgVmO9TEP6CmwbVk3F-4OOY02m5jH6nXxeXzyU0cGplA7ar6mEwWV_IzOU1zxm-xQ5WjmQ,,Volibear,1,236985,ITEM_PURCHASED,1026
EUW1_7588761849,_d1xR7LqkgVmO9TEP6CmwbVk3F-4OOY02m5jH6nXxeXzyU0cGplA7ar6mEwWV_IzOU1zxm-xQ5WjmQ,,Volibear,1,238221,ITEM_PURCHASED,1001
EUW1_7588761849,_d1xR7LqkgVmO9TEP6CmwbVk3F-4OOY02m5jH6nXxeXzyU0cGplA7ar6mEwWV_IzOU1zxm-xQ5WjmQ,,Volibear,1,321509,ITEM_PURCHASED,1028
EUW1_7588761849,_d1xR7LqkgVmO9TEP6CmwbVk3F-4OOY02m5jH6nXxeXzyU0cGplA7ar6mEwWV_IzOU1zxm-xQ5WjmQ,,Volibear,1,600629,ITEM_DESTROYED,1026
EUW1_7588761849,_d1xR7LqkgVmO9TEP6CmwbVk3F-4OOY02m5jH6nXxeXzyU0cGplA7ar6mEwWV_IzOU1zxm-xQ5WjmQ,,Volibear,1,600629,ITEM_DESTROYED,1028
EUW1_7588761849,_d1xR7LqkgVmO9TEP6CmwbVk3F-4OOY02m5jH6nXxeXzyU0cGplA7ar6mEwWV_IzOU1zxm-xQ5WjmQ,,Volibear,1,600629,ITEM_PURCHASED,6657
EUW1_7588761849,_d1xR7LqkgVmO9TEP6CmwbVk3F-4OOY02m5jH6nXxeXzyU0cGplA7ar6mEwWV_IzOU1zxm-xQ5WjmQ,,Volibear,1,672257,ITEM_PURCHASED,1042
EUW1_7588761849,_d1xR7LqkgVmO9TEP6CmwbVk3F-4OOY02m5jH6nXxeXzyU0cGplA7ar6mEwWV_IzOU1zxm-xQ5WjmQ,,Volibear,1,674060,ITEM_PURCHASED,1042
EUW1_7588761849,_d1xR7LqkgVmO9TEP6CmwbVk3F-4OOY02m5jH6nXxeXzyU0cGplA7ar6mEwWV_IzOU1zxm-xQ5WjmQ,,Volibear,1,674227,ITEM_PURCHASED,1042
EUW1_7588761849,_d1xR7LqkgVmO9TEP6CmwbVk3F-4OOY02m5jH6nXxeXzyU0cGplA7ar6mEwWV_IzOU1zxm-xQ5WjmQ,,Volibear,1,778341,ITEM_DESTROYED,1001
EUW1_7588761849,_d1xR7LqkgVmO9TEP6CmwbVk3F-4OOY02m5jH6nXxeXzyU0cGplA7ar6mEwWV_IzOU1zxm-xQ5WjmQ,,Volibear,1,778341,ITEM_PURCHASED,3158
EUW1_7588761849,_d1xR7LqkgVmO9TEP6CmwbVk3F-4OOY02m5jH6nXxeXzyU0cGplA7ar6mEwWV_IzOU1zxm-xQ5WjmQ,,Volibear,1,973230,ITEM_DESTROYED,3340
EUW1_7588761849,_d1xR7LqkgVmO9TEP6CmwbVk3F-4OOY02m5jH6nXxeXzyU0cGplA7ar6mEwWV_IzOU1zxm-xQ5WjmQ,,Volibear,1,1023287,ITEM_DESTROYED,1042
EUW1_7588761849,_d1xR7LqkgVmO9TEP6CmwbVk3F-4OOY02m5jH6nXxeXzyU0cGplA7ar6mEwWV_IzOU1zxm-xQ5WjmQ,,Volibear,1,1023287,ITEM_PURCHASED,3086
EUW1_7588761849,_d1xR7LqkgVmO9TEP6CmwbVk3F-4OOY02m5jH6nXxeXzyU0cGplA7ar6mEwWV_IzOU1zxm-xQ5WjmQ,,Volibear,1,1126817,ITEM_DESTROYED,1042
EUW1_7588761849,_d1xR7LqkgVmO9TEP6CmwbVk3F-4OOY02m5jH6nXxeXzyU0cGplA7ar6mEwWV_IzOU1zxm-xQ5WjmQ,,Volibear,1,1126817,ITEM_DESTROYED,3086
EUW1_7588761849,_d1xR7LqkgVmO9TEP6CmwbVk3F-4OOY02m5jH6nXxeXzyU0cGplA7ar6mEwWV_IzOU1zxm-xQ5WjmQ,,Volibear,1,1126817,ITEM_DESTROYED,1042
EUW1_7588761849,_d1xR7LqkgVmO9TEP6CmwbVk3F-4OOY02m5jH6nXxeXzyU0cGplA7ar6mEwWV_IzOU1zxm-xQ5WjmQ,,Volibear,1,1126817,ITEM_PURCHASED,6675
EUW1_7588761849,_d1xR7LqkgVmO9TEP6CmwbVk3F-4OOY02m5jH6nXxeXzyU0cGplA7ar6mEwWV_IzOU1zxm-xQ5WjmQ,,Volibear,1,1130057,ITEM_PURCHASED,2022
EUW1_7588761849,_d1xR7LqkgVmO9TEP6CmwbVk3F-4OOY02m5jH6nXxeXzyU0cGplA7ar6mEwWV_IzOU1zxm-xQ5WjmQ,,Volibear,1,1197355,ITEM_DESTROYED,3513
EUW1_7588761849,_d1xR7LqkgVmO9TEP6CmwbVk3F-4OOY02m5jH6nXxeXzyU0cGplA7ar6mEwWV_IzOU1zxm-xQ5WjmQ,,Volibear,1,1332435,ITEM_DESTROYED,2022
EUW1_7588761849,_d1xR7LqkgVmO9TEP6CmwbVk3F-4OOY02m5jH6nXxeXzyU0cGplA7ar6mEwWV_IzOU1zxm-xQ5WjmQ,,Volibear,1,1332435,ITEM_PURCHASED,3067
EUW1_7588761849,_d1xR7LqkgVmO9TEP6CmwbVk3F-4OOY02m5jH6nXxeXzyU0cGplA7ar6mEwWV_IzOU1zxm-xQ5WjmQ,,Volibear,1,1332802,ITEM_PURCHASED,3108
EUW1_7588761849,_d1xR7LqkgVmO9TEP6CmwbVk3F-4OOY02m5jH6nXxeXzyU0cGplA7ar6mEwWV_IzOU1zxm-xQ5WjmQ,,Volibear,1,1348328,ITEM_SOLD,1056
EUW1_7588761849,_d1xR7LqkgVmO9TEP6CmwbVk3F-4OOY02m5jH6nXxeXzyU0cGplA7ar6mEwWV_IzOU1zxm-xQ5WjmQ,,Volibear,1,1348829,ITEM_PURCHASED,3113
EUW1_7588761849,_d1xR7LqkgVmO9TEP6CmwbVk3F-4OOY02m5jH6nXxeXzyU0cGplA7ar6mEwWV_IzOU1zxm-xQ5WjmQ,,Volibear,1,1411511,ITEM_DESTROYED,3067
EUW1_7588761849,_d1xR7LqkgVmO9TEP6CmwbVk3F-4OOY02m5jH6nXxeXzyU0cGplA7ar6mEwWV_IzOU1zxm-xQ5WjmQ,,Volibear,1,1411511,ITEM_DESTROYED,3113
EUW1_7588761849,_d1xR7LqkgVmO9TEP6CmwbVk3F-4OOY02m5jH6nXxeXzyU0cGplA7ar6mEwWV_IzOU1zxm-xQ5WjmQ,,Volibear,1,1411511,ITEM_DESTROYED,3108
EUW1_7588761849,_d1xR7LqkgVmO9TEP6CmwbVk3F-4OOY02m5jH6nXxeXzyU0cGplA7ar6mEwWV_IzOU1zxm-xQ5WjmQ,,Volibear,1,1411511,ITEM_PURCHASED,4629
EUW1_7588761849,_d1xR7LqkgVmO9TEP6CmwbVk3F-4OOY02m5jH6nXxeXzyU0cGplA7ar6mEwWV_IzOU1zxm-xQ5WjmQ,,Volibear,1,1563671,ITEM_PURCHASED,3082
EUW1_7588761849,_d1xR7LqkgVmO9TEP6CmwbVk3F-4OOY02m5jH6nXxeXzyU0cGplA7ar6mEwWV_IzOU1zxm-xQ5WjmQ,,Volibear,1,1563941,ITEM_PURCHASED,1028
EUW1_7588761849,_d1xR7LqkgVmO9TEP6CmwbVk3F-4OOY02m5jH6nXxeXzyU0cGplA7ar6mEwWV_IzOU1zxm-xQ5WjmQ,,Volibear,1,1642174,ITEM_DESTROYED,3082
EUW1_7588761849,_d1xR7LqkgVmO9TEP6CmwbVk3F-4OOY02m5jH6nXxeXzyU0cGplA7ar6mEwWV_IzOU1zxm-xQ5WjmQ,,Volibear,1,1642174,ITEM_DESTROYED,1028
EUW1_7588761849,_d1xR7LqkgVmO9TEP6CmwbVk3F-4OOY02m5jH6nXxeXzyU0cGplA7ar6mEwWV_IzOU1zxm-xQ5WjmQ,,Volibear,1,1642174,ITEM_PURCHASED,3143
EUW1_7588761849,_d1xR7LqkgVmO9TEP6CmwbVk3F-4OOY02m5jH6nXxeXzyU0cGplA7ar6mEwWV_IzOU1zxm-xQ5WjmQ,,Volibear,1,1649098,ITEM_PURCHASED,2055
EUW1_7588761849,_d1xR7LqkgVmO9TEP6CmwbVk3F-4OOY02m5jH6nXxeXzyU0cGplA7ar6mEwWV_IzOU1zxm-xQ5WjmQ,,Volibear,1,1756462,ITEM_DESTROYED,2055
EUW1_7588761849,_d1xR7LqkgVmO9TEP6CmwbVk3F-4OOY02m5jH6nXxeXzyU0cGplA7ar6mEwWV_IzOU1zxm-xQ5WjmQ,,Volibear,1,1812083,ITEM_PURCHASED,1033
EUW1_7588761849,_d1xR7LqkgVmO9TEP6CmwbVk3F-4OOY02m5jH6nXxeXzyU0cGplA7ar6mEwWV_IzOU1zxm-xQ5WjmQ,,Volibear,1,1861646,ITEM_DESTROYED,1033
EUW1_7588761849,_d1xR7LqkgVmO9TEP6CmwbVk3F-4OOY02m5jH6nXxeXzyU0cGplA7ar6mEwWV_IzOU1zxm-xQ5WjmQ,,Volibear,1,1861646,ITEM_PURCHASED,3105
EUW1_7588761849,_d1xR7LqkgVmO9TEP6CmwbVk3F-4OOY02m5jH6nXxeXzyU0cGplA7ar6mEwWV_IzOU1zxm-xQ5WjmQ,,Volibear,1,2024678,ITEM_DESTROYED,3105
EUW1_7588761849,_d1xR7LqkgVmO9TEP6CmwbVk3F-4OOY02m5jH6nXxeXzyU0cGplA7ar6mEwWV_IzOU1zxm-xQ5WjmQ,,Volibear,1,2024678,ITEM_PURCHASED,2502
EUW1_7588761849,_d1xR7LqkgVmO9TEP6CmwbVk3F-4OOY02m5jH6nXxeXzyU0cGplA7ar6mEwWV_IzOU1zxm-xQ5WjmQ,,Volibear,1,2026315,ITEM_DESTROYED,3340
EUW1_7588761849,_d1xR7LqkgVmO9TEP6CmwbVk3F-4OOY02m5jH6nXxeXzyU0cGplA7ar6mEwWV_IzOU1zxm-xQ5WjmQ,,Volibear,1,2026315,ITEM_PURCHASED,3363
EUW1_7588761849,_d1xR7LqkgVmO9TEP6CmwbVk3F-4OOY02m5jH6nXxeXzyU0cGplA7ar6mEwWV_IzOU1zxm-xQ5WjmQ,,Volibear,1,2137306,ITEM_DESTROYED,2138
EUW1_7588761849,_d1xR7LqkgVmO9TEP6CmwbVk3F-4OOY02m5jH6nXxeXzyU0cGplA7ar6mEwWV_IzOU1zxm-xQ5WjmQ,,Volibear,1,2137306,ITEM_PURCHASED,2138
EUW1_7588761849,EBSSmZWuUrCLdBoa02eb5SgMMn8FIhpT8s7C12qan1As5PhI9oNWjSItzXpKug62-3Y_cl3WB9SyBQ,,DrMundo,2,3385,ITEM_PURCHASED,1102
EUW1_7588761849,EBSSmZWuUrCLdBoa02eb5SgMMn8FIhpT8s7C12qan1As5PhI9oNWjSItzXpKug62-3Y_cl3WB9SyBQ,,DrMundo,2,3853,ITEM_PURCHASED,3340
EUW1_7588761849,EBSSmZWuUrCLdBoa02eb5SgMMn8FIhpT8s7C12qan1As5PhI9oNWjSItzXpKug62-3Y_cl3WB9SyBQ,,DrMundo,2,4154,ITEM_PURCHASED,2003
EUW1_7588761849,EBSSmZWuUrCLdBoa02eb5SgMMn8FIhpT8s7C12qan1As5PhI9oNWjSItzXpKug62-3Y_cl3WB9SyBQ,,DrMundo,2,129236,ITEM_DESTROYED,2003
EUW1_7588761849,EBSSmZWuUrCLdBoa02eb5SgMMn8FIhpT8s7C12qan1As5PhI9oNWjSItzXpKug62-3Y_cl3WB9SyBQ,,DrMundo,2,251415,ITEM_PURCHASED,1011
EUW1_7588761849,EBSSmZWuUrCLdBoa02eb5SgMMn8FIhpT8s7C12qan1As5PhI9oNWjSItzXpKug62-3Y_cl3WB9SyBQ,,DrMundo,2,252517,ITEM_PURCHASED,1006
EUW1_7588761849,EBSSmZWuUrCLdBoa02eb5SgMMn8FIhpT8s7C12qan1As5PhI9oNWjSItzXpKug62-3Y_cl3WB9SyBQ,,DrMundo,2,260002,ITEM_PURCHASED,2055
EUW1_7588761849,EBSSmZWuUrCLdBoa02eb5SgMMn8FIhpT8s7C12qan1As5PhI9oNWjSItzXpKug62-3Y_cl3WB9SyBQ,,DrMundo,2,260303,ITEM_DESTROYED,3340
EUW1_7588761849,EBSSmZWuUrCLdBoa02eb5SgMMn8FIhpT8s7C12qan1As5PhI9oNWjSItzXpKug62-3Y_cl3WB9SyBQ,,DrMundo,2,260303,ITEM_PURCHASED,3364
EUW1_7588761849,EBSSmZWuUrCLdBoa02eb5SgMMn8FIhpT8s7C12qan1As5PhI9oNWjSItzXpKug62-3Y_cl3WB9SyBQ,,DrMundo,2,494192,ITEM_DESTROYED,2055
EUW1_7588761849,EBSSmZWuUrCLdBoa02eb5SgMMn8FIhpT8s7C12qan1As5PhI9oNWjSItzXpKug62-3Y_cl3WB9SyBQ,,DrMundo,2,511815,ITEM_PURCHASED,1011
EUW1_7588761849,EBSSmZWuUrCLdBoa02eb5SgMMn8FIhpT8s7C12qan1As5PhI9oNWjSItzXpKug62-3Y_cl3WB9SyBQ,,DrMundo,2,512416,ITEM_DESTROYED,1006
EUW1_7588761849,EBSSmZWuUrCLdBoa02eb5SgMMn8FIhpT8s7C12qan1As5PhI9oNWjSItzXpKug62-3Y_cl3WB9SyBQ,,DrMundo,2,512416,ITEM_PURCHASED,3801
EUW1_7588761849,EBSSmZWuUrCLdBoa02eb5SgMMn8FIhpT8s7C12qan1As5PhI9oNWjSItzXpKug62-3Y_cl3WB9SyBQ,,DrMundo,2,755050,ITEM_DESTROYED,1011
EUW1_7588761849,EBSSmZWuUrCLdBoa02eb5SgMMn8FIhpT8s7C12qan1As5PhI9oNWjSItzXpKug62-3Y_cl3WB9SyBQ,,DrMundo,2,755050,ITEM_DESTROYED,3801
EUW1_7588761849,EBSSmZWuUrCLdBoa02eb5SgMMn8FIhpT8s7C12qan1As5PhI9oNWjSItzXpKug62-3Y_cl3WB9SyBQ,,DrMundo,2,755050,ITEM_DESTROYED,1011
EUW1_7588761849,EBSSmZWuUrCLdBoa02eb5SgMMn8FIhpT8s7C12qan1As5PhI9oNWjSItzXpKug62-3Y_cl3WB9SyBQ,,DrMundo,2,755050,ITEM_PURCHASED,3084
EUW1_7588761849,EBSSmZWuUrCLdBoa02eb5SgMMn8FIhpT8s7C12qan1As5PhI9oNWjSItzXpKug62-3Y_cl3WB9SyBQ,,DrMundo,2,755484,ITEM_DESTROYED,2422
EUW1_7588761849,EBSSmZWuUrCLdBoa02eb5SgMMn8FIhpT8s7C12qan1As5PhI9oNWjSItzXpKug62-3Y_cl3WB9SyBQ,,DrMundo,2,755484,ITEM_PURCHASED,3009
EUW1_7588761849,EBSSmZWuUrCLdBoa02eb5SgMMn8FIhpT8s7C12qan1As5PhI9oNWjSItzXpKug62-3Y_cl3WB9SyBQ,,DrMundo,2,757655,ITEM_PURCHASED,3066
EUW1_7588761849,EBSSmZWuUrCLdBoa02eb5SgMMn8FIhpT8s7C12qan1As5PhI9oNWjSItzXpKug62-3Y_cl3WB9SyBQ,,DrMundo,2,896307,ITEM_PURCHASED,1031
EUW1_7588761849,EBSSmZWuUrCLdBoa02eb5SgMMn8FIhpT8s7C12qan1As5PhI9oNWjSItzXpKug62-3Y_cl3WB9SyBQ,,DrMundo,2,975635,ITEM_DESTROYED,1102
EUW1_7588761849,EBSSmZWuUrCLdBoa02eb5SgMMn8FIhpT8s7C12qan1As5PhI9oNWjSItzXpKug62-3Y_cl3WB9SyBQ,,DrMundo,2,1128387,ITEM_DESTROYED,3066
EUW1_7588761849,EBSSmZWuUrCLdBoa02eb5SgMMn8FIhpT8s7C12qan1As5PhI9oNWjSItzXpKug62-3Y_cl3WB9SyBQ,,DrMundo,2,1128387,ITEM_DESTROYED,1031
EUW1_7588761849,EBSSmZWuUrCLdBoa02eb5SgMMn8FIhpT8s7C12qan1As5PhI9oNWjSItzXpKug62-3Y_cl3WB9SyBQ,,DrMundo,2,1128387,ITEM_PURCHASED,3742
EUW1_7588761849,EBSSmZWuUrCLdBoa02eb5SgMMn8FIhpT8s7C12qan1As5PhI9oNWjSItzXpKug62-3Y_cl3WB9SyBQ,,DrMundo,2,1129289,ITEM_PURCHASED,1028
EUW1_7588761849,EBSSmZWuUrCLdBoa02eb5SgMMn8FIhpT8s7C12qan1As5PhI9oNWjSItzXpKug62-3Y_cl3WB9SyBQ,,DrMundo,2,1371550,ITEM_PURCHASED,3077
EUW1_7588761849,EBSSmZWuUrCLdBoa02eb5SgMMn8FIhpT8s7C12qan1As5PhI9oNWjSItzXpKug62-3Y_cl3WB9SyBQ,,DrMundo,2,1371617,ITEM_DESTROYED,1028
EUW1_7588761849,EBSSmZWuUrCLdBoa02eb5SgMMn8FIhpT8s7C12qan1As5PhI9oNWjSItzXpKug62-3Y_cl3WB9SyBQ,,DrMundo,2,1371617,ITEM_PURCHASED,2021
EUW1_7588761849,EBSSmZWuUrCLdBoa02eb5SgMMn8FIhpT8s7C12qan1As5PhI9oNWjSItzXpKug62-3Y_cl3WB9SyBQ,,DrMundo,2,1371684,ITEM_PURCHASED,1028
EUW1_7588761849,EBSSmZWuUrCLdBoa02eb5SgMMn8FIhpT8s7C12qan1As5PhI9oNWjSItzXpKug62-3Y_cl3WB9SyBQ,,DrMundo,2,1424755,ITEM_PURCHASED,3077
EUW1_7588761849,EBSSmZWuUrCLdBoa02eb5SgMMn8FIhpT8s7C12qan1As5PhI9oNWjSItzXpKug62-3Y_cl3WB9SyBQ,,DrMundo,2,1424822,ITEM_DESTROYED,1028
EUW1_7588761849,EBSSmZWuUrCLdBoa02eb5SgMMn8FIhpT8s7C12qan1As5PhI9oNWjSItzXpKug62-3Y_cl3WB9SyBQ,,DrMundo,2,1424822,ITEM_PURCHASED,2021
EUW1_7588761849,EBSSmZWuUrCLdBoa02eb5SgMMn8FIhpT8s7C12qan1As5PhI9oNWjSItzXpKug62-3Y_cl3WB9SyBQ,,DrMundo,2,1424888,ITEM_PURCHASED,1028
EUW1_7588761849,EBSSmZWuUrCLdBoa02eb5SgMMn8FIhpT8s7C12qan1As5PhI9oNWjSItzXpKug62-3Y_cl3WB9SyBQ,,DrMundo,2,1579633,ITEM_DESTROYED,3077
EUW1_7588761849,EBSSmZWuUrCLdBoa02eb5SgMMn8FIhpT8s7C12qan1As5PhI9oNWjSItzXpKug62-3Y_cl3WB9SyBQ,,DrMundo,2,1579633,ITEM_DESTROYED,2021
EUW1_7588761849,EBSSmZWuUrCLdBoa02eb5SgMMn8FIhpT8s7C12qan1As5PhI9oNWjSItzXpKug62-3Y_cl3WB9SyBQ,,DrMundo,2,1579633,ITEM_DESTROYED,1028
EUW1_7588761849,EBSSmZWuUrCLdBoa02eb5SgMMn8FIhpT8s7C12qan1As5PhI9oNWjSItzXpKug62-3Y_cl3WB9SyBQ,,DrMundo,2,1579633,ITEM_PURCHASED,3748
EUW1_7588761849,EBSSmZWuUrCLdBoa02eb5SgMMn8FIhpT8s7C12qan1As5PhI9oNWjSItzXpKug62-3Y_cl3WB9SyBQ,,DrMundo,2,1580301,ITEM_PURCHASED,2021
EUW1_7588761849,EBSSmZWuUrCLdBoa02eb5SgMMn8FIhpT8s7C12qan1As5PhI9oNWjSItzXpKug62-3Y_cl3WB9SyBQ,,DrMundo,2,1715446,ITEM_PURCHASED,3211
EUW1_7588761849,EBSSmZWuUrCLdBoa02eb5SgMMn8FIhpT8s7C12qan1As5PhI9oNWjSItzXpKug62-3Y_cl3WB9SyBQ,,DrMundo,2,1943430,ITEM_DESTROYED,3211
EUW1_7588761849,EBSSmZWuUrCLdBoa02eb5SgMMn8FIhpT8s7C12qan1As5PhI9oNWjSItzXpKug62-3Y_cl3WB9SyBQ,,DrMundo,2,1943430,ITEM_PURCHASED,3065
EUW1_7588761849,EBSSmZWuUrCLdBoa02eb5SgMMn8FIhpT8s7C12qan1As5PhI9oNWjSItzXpKug62-3Y_cl3WB9SyBQ,,DrMundo,2,1995524,ITEM_DESTROYED,2021
EUW1_7588761849,EBSSmZWuUrCLdBoa02eb5SgMMn8FIhpT8s7C12qan1As5PhI9oNWjSItzXpKug62-3Y_cl3WB9SyBQ,,DrMundo,2,1995524,ITEM_PURCHASED,2501
EUW1_7588761849,7LjfRzIYw9FlG5wz_W53ehxOCCc3ay9-dk4CZtZj7Knrn8NirDai30smrC0h2oqhZ5jCebiHiK2vlg,,Sylas,3,8563,ITEM_PURCHASED,1054
EUW1_7588761849,7LjfRzIYw9FlG5wz_W53ehxOCCc3ay9-dk4CZtZj7Knrn8NirDai30smrC0h2oqhZ5jCebiHiK2vlg,,Sylas,3,8563,ITEM_PURCHASED,2003
EUW1_7588761849,7LjfRzIYw9FlG5wz_W53ehxOCCc3ay9-dk4CZtZj7Knrn8NirDai30smrC0h2oqhZ5jCebiHiK2vlg,,Sylas,3,116805,ITEM_DESTROYED,2003
EUW1_7588761849,7LjfRzIYw9FlG5wz_W53ehxOCCc3ay9-dk4CZtZj7Knrn8NirDai30smrC0h2oqhZ5jCebiHiK2vlg,,Sylas,3,236345,ITEM_PURCHASED,1028
EUW1_7588761849,7LjfRzIYw9FlG5wz_W53ehxOCCc3ay9-dk4CZtZj7Knrn8NirDai30smrC0h2oqhZ5jCebiHiK2vlg,,Sylas,3,439935,ITEM_PURCHASED,1052
EUW1_7588761849,7LjfRzIYw9FlG5wz_W53ehxOCCc3ay9-dk4CZtZj7Knrn8NirDai30smrC0h2oqhZ5jCebiHiK2vlg,,Sylas,3,440202,ITEM_PURCHASED,1052
EUW1_7588761849,7LjfRzIYw9FlG5wz_W53ehxOCCc3ay9-dk4CZtZj7Knrn8NirDai30smrC0h2oqhZ5jCebiHiK2vlg,,Sylas,3,443710,ITEM_PURCHASED,2031
EUW1_7588761849,7LjfRzIYw9FlG5wz_W53ehxOCCc3ay9-dk4CZtZj7Knrn8NirDai30smrC0h2oqhZ5jCebiHiK2vlg,,Sylas,3,596019,ITEM_DESTROYED,1052
EUW1_7588761849,7LjfRzIYw9FlG5wz_W53ehxOCCc3ay9-dk4CZtZj7Knrn8NirDai30smrC0h2oqhZ5jCebiHiK2vlg,,Sylas,3,596019,ITEM_DESTROYED,1052
EUW1_7588761849,7LjfRzIYw9FlG5wz_W53ehxOCCc3ay9-dk4CZtZj7Knrn8NirDai30smrC0h2oqhZ5jCebiHiK2vlg,,Sylas,3,596019,ITEM_PURCHASED,3145
EUW1_7588761849,7LjfRzIYw9FlG5wz_W53ehxOCCc3ay9-dk4CZtZj7Knrn8NirDai30smrC0h2oqhZ5jCebiHiK2vlg,,Sylas,3,596387,ITEM_PURCHASED,1052
EUW1_7588761849,7LjfRzIYw9FlG5wz_W53ehxOCCc3ay9-dk4CZtZj7Knrn8NirDai30smrC0h2oqhZ5jCebiHiK2vlg,,Sylas,3,596453,ITEM_PURCHASED,2022
EUW1_7588761849,7LjfRzIYw9FlG5wz_W53ehxOCCc3ay9-dk4CZtZj7Knrn8NirDai30smrC0h2oqhZ5jCebiHiK2vlg,,Sylas,3,710686,ITEM_DESTROYED,3145
EUW1_7588761849,7LjfRzIYw9FlG5wz_W53ehxOCCc3ay9-dk4CZtZj7Knrn8NirDai30smrC0h2oqhZ5jCebiHiK2vlg,,Sylas,3,710686,ITEM_DESTROYED,1052
EUW1_7588761849,7LjfRzIYw9FlG5wz_W53ehxOCCc3ay9-dk4CZtZj7Knrn8NirDai30smrC0h2oqhZ5jCebiHiK2vlg,,Sylas,3,710686,ITEM_DESTROYED,2022
EUW1_7588761849,7LjfRzIYw9FlG5wz_W53ehxOCCc3ay9-dk4CZtZj7Knrn8NirDai30smrC0h2oqhZ5jCebiHiK2vlg,,Sylas,3,710686,ITEM_DESTROYED,1028
EUW1_7588761849,7LjfRzIYw9FlG5wz_W53ehxOCCc3ay9-dk4CZtZj7Knrn8NirDai30smrC0h2oqhZ5jCebiHiK2vlg,,Sylas,3,710686,ITEM_PURCHASED,3152
EUW1_7588761849,7LjfRzIYw9FlG5wz_W53ehxOCCc3ay9-dk4CZtZj7Knrn8NirDai30smrC0h2oqhZ5jCebiHiK2vlg,,Sylas,3,711521,ITEM_PURCHASED,1001
EUW1_7588761849,7LjfRzIYw9FlG5wz_W53ehxOCCc3ay9-dk4CZtZj7Knrn8NirDai30smrC0h2oqhZ5jCebiHiK2vlg,,Sylas,3,776403,ITEM_PURCHASED,1052
EUW1_7588761849,7LjfRzIYw9FlG5wz_W53ehxOCCc3ay9-dk4CZtZj7Knrn8NirDai30smrC0h2oqhZ5jCebiHiK2vlg,,Sylas,3,936914,ITEM_DESTROYED,1001
EUW1_7588761849,7LjfRzIYw9FlG5wz_W53ehxOCCc3ay9-dk4CZtZj7Knrn8NirDai30smrC0h2oqhZ5jCebiHiK2vlg,,Sylas,3,936914,ITEM_PURCHASED,3158
EUW1_7588761849,7LjfRzIYw9FlG5wz_W53ehxOCCc3ay9-dk4CZtZj7Knrn8NirDai30smrC0h2oqhZ5jCebiHiK2vlg,,Sylas,3,1105533,ITEM_DESTROYED,1052
EUW1_7588761849,7LjfRzIYw9FlG5wz_W53ehxOCCc3ay9-dk4CZtZj7Knrn8NirDai30smrC0h2oqhZ5jCebiHiK2vlg,,Sylas,3,1105533,ITEM_PURCHASED,3147
EUW1_7588761849,7LjfRzIYw9FlG5wz_W53ehxOCCc3ay9-dk4CZtZj7Knrn8NirDai30smrC0h2oqhZ5jCebiHiK2vlg,,Sylas,3,1105867,ITEM_PURCHASED,3108
EUW1_7588761849,7LjfRzIYw9FlG5wz_W53ehxOCCc3ay9-dk4CZtZj7Knrn8NirDai30smrC0h2oqhZ5jCebiHiK2vlg,,Sylas,3,1110163,ITEM_DESTROYED,3340
EUW1_7588761849,7LjfRzIYw9FlG5wz_W53ehxOCCc3ay9-dk4CZtZj7Knrn8NirDai30smrC0h2oqhZ5jCebiHiK2vlg,,Sylas,3,1110163,ITEM_PURCHASED,3363
EUW1_7588761849,7LjfRzIYw9FlG5wz_W53ehxOCCc3ay9-dk4CZtZj7Knrn8NirDai30smrC0h2oqhZ5jCebiHiK2vlg,,Sylas,3,1219912,ITEM_SOLD,1054
EUW1_7588761849,7LjfRzIYw9FlG5wz_W53ehxOCCc3ay9-dk4CZtZj7Knrn8NirDai30smrC0h2oqhZ5jCebiHiK2vlg,,Sylas,3,1220379,ITEM_DESTROYED,3147
EUW1_7588761849,7LjfRzIYw9FlG5wz_W53ehxOCCc3ay9-dk4CZtZj7Knrn8NirDai30smrC0h2oqhZ5jCebiHiK2vlg,,Sylas,3,1220379,ITEM_DESTROYED,3108
EUW1_7588761849,7LjfRzIYw9FlG5wz_W53ehxOCCc3ay9-dk4CZtZj7Knrn8NirDai30smrC0h2oqhZ5jCebiHiK2vlg,,Sylas,3,1220379,ITEM_PURCHASED,4633
EUW1_7588761849,7LjfRzIYw9FlG5wz_W53ehxOCCc3ay9-dk4CZtZj7Knrn8NirDai30smrC0h2oqhZ5jCebiHiK2vlg,,Sylas,3,1377563,ITEM_PURCHASED,1052
EUW1_7588761849,7LjfRzIYw9FlG5wz_W53ehxOCCc3ay9-dk4CZtZj7Knrn8NirDai30smrC0h2oqhZ5jCebiHiK2vlg,,Sylas,3,1377796,ITEM_PURCHASED,1052
EUW1_7588761849,7LjfRzIYw9FlG5wz_W53ehxOCCc3ay9-dk4CZtZj7Knrn8NirDai30smrC0h2oqhZ5jCebiHiK2vlg,,Sylas,3,1381281,ITEM_SOLD,2031
EUW1_7588761849,7LjfRzIYw9FlG5wz_W53ehxOCCc3ay9-dk4CZtZj7Knrn8NirDai30smrC0h2oqhZ5jCebiHiK2vlg,,Sylas,3,1382554,ITEM_PURCHASED,1029
EUW1_7588761849,7LjfRzIYw9FlG5wz_W53ehxOCCc3ay9-dk4CZtZj7Knrn8NirDai30smrC0h2oqhZ5jCebiHiK2vlg,,Sylas,3,1472773,ITEM_DESTROYED,1052
EUW1_7588761849,7LjfRzIYw9FlG5wz_W53ehxOCCc3ay9-dk4CZtZj7Knrn8NirDai30smrC0h2oqhZ5jCebiHiK2vlg,,Sylas,3,1472773,ITEM_DESTROYED,1029
EUW1_7588761849,7LjfRzIYw9FlG5wz_W53ehxOCCc3ay9-dk4CZtZj7Knrn8NirDai30smrC0h2oqhZ5jCebiHiK2vlg,,Sylas,3,1472773,ITEM_DESTROYED,1052
EUW1_7588761849,7LjfRzIYw9FlG5wz_W53ehxOCCc3ay9-dk4CZtZj7Knrn8NirDai30smrC0h2oqhZ5jCebiHiK2vlg,,Sylas,3,1472773,ITEM_PURCHASED,2420
EUW1_7588761849,7LjfRzIYw9FlG5wz_W53ehxOCCc3ay9-dk4CZtZj7Knrn8NirDai30smrC0h2oqhZ5jCebiHiK2vlg,,Sylas,3,1629453,ITEM_DESTROYED,2420
EUW1_7588761849,7LjfRzIYw9FlG5wz_W53ehxOCCc3ay9-dk4CZtZj7Knrn8NirDai30smrC0h2oqhZ5jCebiHiK2vlg,,Sylas,3,1648696,ITEM_DESTROYED,2421
EUW1_7588761849,7LjfRzIYw9FlG5wz_W53ehxOCCc3ay9-dk4CZtZj7Knrn8NirDai30smrC0h2oqhZ5jCebiHiK2vlg,,Sylas,3,1648696,ITEM_PURCHASED,3157
EUW1_7588761849,7LjfRzIYw9FlG5wz_W53ehxOCCc3ay9-dk4CZtZj7Knrn8NirDai30smrC0h2oqhZ5jCebiHiK2vlg,,Sylas,3,1652338,ITEM_PURCHASED,2055
EUW1_7588761849,7LjfRzIYw9FlG5wz_W53ehxOCCc3ay9-dk4CZtZj7Knrn8NirDai30smrC0h2oqhZ5jCebiHiK2vlg,,Sylas,3,1694747,ITEM_DESTROYED,2055
EUW1_7588761849,7LjfRzIYw9FlG5wz_W53ehxOCCc3ay9-dk4CZtZj7Knrn8NirDai30smrC0h2oqhZ5jCebiHiK2vlg,,Sylas,3,1862715,ITEM_PURCHASED,1058
EUW1_7588761849,7LjfRzIYw9FlG5wz_W53ehxOCCc3ay9-dk4CZtZj7Knrn8NirDai30smrC0h2oqhZ5jCebiHiK2vlg,,Sylas,3,1862982,ITEM_PURCHASED,1058
EUW1_7588761849,7LjfRzIYw9FlG5wz_W53ehxOCCc3ay9-dk4CZtZj7Knrn8NirDai30smrC0h2oqhZ5jCebiHiK2vlg,,Sylas,3,2019799,ITEM_DESTROYED,1058
EUW1_7588761849,7LjfRzIYw9FlG5wz_W53ehxOCCc3ay9-dk4CZtZj7Knrn8NirDai30smrC0h2oqhZ5jCebiHiK2vlg,,Sylas,3,2019799,ITEM_DESTROYED,1058
EUW1_7588761849,7LjfRzIYw9FlG5wz_W53ehxOCCc3ay9-dk4CZtZj7Knrn8NirDai30smrC0h2oqhZ5jCebiHiK2vlg,,Sylas,3,2019799,ITEM_PURCHASED,3089
EUW1_7588761849,7LjfRzIYw9FlG5wz_W53ehxOCCc3ay9-dk4CZtZj7Knrn8NirDai30smrC0h2oqhZ5jCebiHiK2vlg,,Sylas,3,2119339,ITEM_PURCHASED,1052
EUW1_7588761849,Goqk5F2KKcdGJmULnritsyZCh40C4B4S9vQ1au_hNJNBO4OGuFzLku9oHC71TEoIsC61Ut8YihTogA,,Jinx,4,5590,ITEM_PURCHASED,1055
EUW1_7588761849,Goqk5F2KKcdGJmULnritsyZCh40C4B4S9vQ1au_hNJNBO4OGuFzLku9oHC71TEoIsC61Ut8YihTogA,,Jinx,4,5590,ITEM_PURCHASED,2003
EUW1_7588761849,Goqk5F2KKcdGJmULnritsyZCh40C4B4S9vQ1au_hNJNBO4OGuFzLku9oHC71TEoIsC61Ut8YihTogA,,Jinx,4,240893,ITEM_DESTROYED,2003
EUW1_7588761849,Goqk5F2KKcdGJmULnritsyZCh40C4B4S9vQ1au_hNJNBO4OGuFzLku9oHC71TEoIsC61Ut8YihTogA,,Jinx,4,321242,ITEM_PURCHASED,1036
EUW1_7588761849,Goqk5F2KKcdGJmULnritsyZCh40C4B4S9vQ1au_hNJNBO4OGuFzLku9oHC71TEoIsC61Ut8YihTogA,,Jinx,4,322077,ITEM_PURCHASED,3144
EUW1_7588761849,Goqk5F2KKcdGJmULnritsyZCh40C4B4S9vQ1au_hNJNBO4OGuFzLku9oHC71TEoIsC61Ut8YihTogA,,Jinx,4,326019,ITEM_PURCHASED,1001
EUW1_7588761849,Goqk5F2KKcdGJmULnritsyZCh40C4B4S9vQ1au_hNJNBO4OGuFzLku9oHC71TEoIsC61Ut8YihTogA,,Jinx,4,326085,ITEM_PURCHASED,1042
EUW1_7588761849,Goqk5F2KKcdGJmULnritsyZCh40C4B4S9vQ1au_hNJNBO4OGuFzLku9oHC71TEoIsC61Ut8YihTogA,,Jinx,4,326152,ITEM_PURCHASED,1042
EUW1_7588761849,Goqk5F2KKcdGJmULnritsyZCh40C4B4S9vQ1au_hNJNBO4OGuFzLku9oHC71TEoIsC61Ut8YihTogA,,Jinx,4,592145,ITEM_PURCHASED,1038
EUW1_7588761849,Goqk5F2KKcdGJmULnritsyZCh40C4B4S9vQ1au_hNJNBO4OGuFzLku9oHC71TEoIsC61Ut8YihTogA,,Jinx,4,593314,ITEM_DESTROYED,1042
EUW1_7588761849,Goqk5F2KKcdGJmULnritsyZCh40C4B4S9vQ1au_hNJNBO4OGuFzLku9oHC71TEoIsC61Ut8YihTogA,,Jinx,4,593314,ITEM_DESTROYED,1042
EUW1_7588761849,Goqk5F2KKcdGJmULnritsyZCh40C4B4S9vQ1au_hNJNBO4OGuFzLku9oHC71TEoIsC61Ut8YihTogA,,Jinx,4,593314,ITEM_PURCHASED,3144
EUW1_7588761849,Goqk5F2KKcdGJmULnritsyZCh40C4B4S9vQ1au_hNJNBO4OGuFzLku9oHC71TEoIsC61Ut8YihTogA,,Jinx,4,601063,ITEM_PURCHASED,2055
EUW1_7588761849,Goqk5F2KKcdGJmULnritsyZCh40C4B4S9vQ1au_hNJNBO4OGuFzLku9oHC71TEoIsC61Ut8YihTogA,,Jinx,4,686155,ITEM_DESTROYED,2055
EUW1_7588761849,Goqk5F2KKcdGJmULnritsyZCh40C4B4S9vQ1au_hNJNBO4OGuFzLku9oHC71TEoIsC61Ut8YihTogA,,Jinx,4,726277,ITEM_DESTROYED,1038
EUW1_7588761849,Goqk5F2KKcdGJmULnritsyZCh40C4B4S9vQ1au_hNJNBO4OGuFzLku9oHC71TEoIsC61Ut8YihTogA,,Jinx,4,726277,ITEM_DESTROYED,3144
EUW1_7588761849,Goqk5F2KKcdGJmULnritsyZCh40C4B4S9vQ1au_hNJNBO4OGuFzLku9oHC71TEoIsC61Ut8YihTogA,,Jinx,4,726277,ITEM_DESTROYED,1036
EUW1_7588761849,Goqk5F2KKcdGJmULnritsyZCh40C4B4S9vQ1au_hNJNBO4OGuFzLku9oHC71TEoIsC61Ut8YihTogA,,Jinx,4,726277,ITEM_PURCHASED,3032
EUW1_7588761849,Goqk5F2KKcdGJmULnritsyZCh40C4B4S9vQ1au_hNJNBO4OGuFzLku9oHC71TEoIsC61Ut8YihTogA,,Jinx,4,727513,ITEM_PURCHASED,2055
EUW1_7588761849,Goqk5F2KKcdGJmULnritsyZCh40C4B4S9vQ1au_hNJNBO4OGuFzLku9oHC71TEoIsC61Ut8YihTogA,,Jinx,4,795892,ITEM_DESTROYED,1001
EUW1_7588761849,Goqk5F2KKcdGJmULnritsyZCh40C4B4S9vQ1au_hNJNBO4OGuFzLku9oHC71TEoIsC61Ut8YihTogA,,Jinx,4,795892,ITEM_PURCHASED,3006
EUW1_7588761849,Goqk5F2KKcdGJmULnritsyZCh40C4B4S9vQ1au_hNJNBO4OGuFzLku9oHC71TEoIsC61Ut8YihTogA,,Jinx,4,912731,ITEM_DESTROYED,2055
EUW1_7588761849,Goqk5F2KKcdGJmULnritsyZCh40C4B4S9vQ1au_hNJNBO4OGuFzLku9oHC71TEoIsC61Ut8YihTogA,,Jinx,4,1004981,ITEM_PURCHASED,1038
EUW1_7588761849,Goqk5F2KKcdGJmULnritsyZCh40C4B4S9vQ1au_hNJNBO4OGuFzLku9oHC71TEoIsC61Ut8YihTogA,,Jinx,4,1085743,ITEM_PURCHASED,1018
EUW1_7588761849,Goqk5F2KKcdGJmULnritsyZCh40C4B4S9vQ1au_hNJNBO4OGuFzLku9oHC71TEoIsC61Ut8YihTogA,,Jinx,4,1303854,ITEM_DESTROYED,1038
EUW1_7588761849,Goqk5F2KKcdGJmULnritsyZCh40C4B4S9vQ1au_hNJNBO4OGuFzLku9oHC71TEoIsC61Ut8YihTogA,,Jinx,4,1303854,ITEM_DESTROYED,1018
EUW1_7588761849,Goqk5F2KKcdGJmULnritsyZCh40C4B4S9vQ1au_hNJNBO4OGuFzLku9oHC71TEoIsC61Ut8YihTogA,,Jinx,4,1303854,ITEM_PURCHASED,3031
EUW1_7588761849,Goqk5F2KKcdGJmULnritsyZCh40C4B4S9vQ1au_hNJNBO4OGuFzLku9oHC71TEoIsC61Ut8YihTogA,,Jinx,4,1305858,ITEM_PURCHASED,1042
EUW1_7588761849,Goqk5F2KKcdGJmULnritsyZCh40C4B4S9vQ1au_hNJNBO4OGuFzLku9oHC71TEoIsC61Ut8YihTogA,,Jinx,4,1381515,ITEM_DESTROYED,1042
EUW1_7588761849,Goqk5F2KKcdGJmULnritsyZCh40C4B4S9vQ1au_hNJNBO4OGuFzLku9oHC71TEoIsC61Ut8YihTogA,,Jinx,4,1381515,ITEM_PURCHASED,3144
EUW1_7588761849,Goqk5F2KKcdGJmULnritsyZCh40C4B4S9vQ1au_hNJNBO4OGuFzLku9oHC71TEoIsC61Ut8YihTogA,,Jinx,4,1591475,ITEM_PURCHASED,3086
EUW1_7588761849,Goqk5F2KKcdGJmULnritsyZCh40C4B4S9vQ1au_hNJNBO4OGuFzLku9oHC71TEoIsC61Ut8YihTogA,,Jinx,4,1606214,ITEM_SOLD,1055
EUW1_7588761849,Goqk5F2KKcdGJmULnritsyZCh40C4B4S9vQ1au_hNJNBO4OGuFzLku9oHC71TEoIsC61Ut8YihTogA,,Jinx,4,1619192,ITEM_DESTROYED,3086
EUW1_7588761849,Goqk5F2KKcdGJmULnritsyZCh40C4B4S9vQ1au_hNJNBO4OGuFzLku9oHC71TEoIsC61Ut8YihTogA,,Jinx,4,1619192,ITEM_DESTROYED,3144
EUW1_7588761849,Goqk5F2KKcdGJmULnritsyZCh40C4B4S9vQ1au_hNJNBO4OGuFzLku9oHC71TEoIsC61Ut8YihTogA,,Jinx,4,1619192,ITEM_PURCHASED,3085
EUW1_7588761849,Goqk5F2KKcdGJmULnritsyZCh40C4B4S9vQ1au_hNJNBO4OGuFzLku9oHC71TEoIsC61Ut8YihTogA,,Jinx,4,1932786,ITEM_PURCHASED,3035
EUW1_7588761849,Goqk5F2KKcdGJmULnritsyZCh40C4B4S9vQ1au_hNJNBO4OGuFzLku9oHC71TEoIsC61Ut8YihTogA,,Jinx,4,2085151,ITEM_PURCHASED,1018
EUW1_7588761849,Goqk5F2KKcdGJmULnritsyZCh40C4B4S9vQ1au_hNJNBO4OGuFzLku9oHC71TEoIsC61Ut8YihTogA,,Jinx,4,2224008,ITEM_DESTROYED,3035
EUW1_7588761849,Goqk5F2KKcdGJmULnritsyZCh40C4B4S9vQ1au_hNJNBO4OGuFzLku9oHC71TEoIsC61Ut8YihTogA,,Jinx,4,2224008,ITEM_DESTROYED,1018
EUW1_7588761849,Goqk5F2KKcdGJmULnritsyZCh40C4B4S9vQ1au_hNJNBO4OGuFzLku9oHC71TEoIsC61Ut8YihTogA,,Jinx,4,2224008,ITEM_PURCHASED,3036
EUW1_7588761849,zEtI2bcKSgwBLgPpcgEFpDyqOOGmIrRTXgwEuEZQXEwSPvD4ki0qjw2w8SWyVp6f8LP2YiJxZ8gZBg,,Seraphine,5,6024,ITEM_PURCHASED,2003
EUW1_7588761849,zEtI2bcKSgwBLgPpcgEFpDyqOOGmIrRTXgwEuEZQXEwSPvD4ki0qjw2w8SWyVp6f8LP2YiJxZ8gZBg,,Seraphine,5,6291,ITEM_PURCHASED,2003
EUW1_7588761849,zEtI2bcKSgwBLgPpcgEFpDyqOOGmIrRTXgwEuEZQXEwSPvD4ki0qjw2w8SWyVp6f8LP2YiJxZ8gZBg,,Seraphine,5,6792,ITEM_PURCHASED,3340
EUW1_7588761849,zEtI2bcKSgwBLgPpcgEFpDyqOOGmIrRTXgwEuEZQXEwSPvD4ki0qjw2w8SWyVp6f8LP2YiJxZ8gZBg,,Seraphine,5,227459,ITEM_PURCHASED,1001
EUW1_7588761849,zEtI2bcKSgwBLgPpcgEFpDyqOOGmIrRTXgwEuEZQXEwSPvD4ki0qjw2w8SWyVp6f8LP2YiJxZ8gZBg,,Seraphine,5,240726,ITEM_PURCHASED,2055
EUW1_7588761849,zEtI2bcKSgwBLgPpcgEFpDyqOOGmIrRTXgwEuEZQXEwSPvD4ki0qjw2w8SWyVp6f8LP2YiJxZ8gZBg,,Seraphine,5,331605,ITEM_DESTROYED,2003
EUW1_7588761849,zEtI2bcKSgwBLgPpcgEFpDyqOOGmIrRTXgwEuEZQXEwSPvD4ki0qjw2w8SWyVp6f8LP2YiJxZ8gZBg,,Seraphine,5,363412,ITEM_DESTROYED,2003
EUW1_7588761849,zEtI2bcKSgwBLgPpcgEFpDyqOOGmIrRTXgwEuEZQXEwSPvD4ki0qjw2w8SWyVp6f8LP2YiJxZ8gZBg,,Seraphine,5,395356,ITEM_DESTROYED,1001
EUW1_7588761849,zEtI2bcKSgwBLgPpcgEFpDyqOOGmIrRTXgwEuEZQXEwSPvD4ki0qjw2w8SWyVp6f8LP2YiJxZ8gZBg,,Seraphine,5,395356,ITEM_PURCHASED,3158
EUW1_7588761849,zEtI2bcKSgwBLgPpcgEFpDyqOOGmIrRTXgwEuEZQXEwSPvD4ki0qjw2w8SWyVp6f8LP2YiJxZ8gZBg,,Seraphine,5,434157,ITEM_DESTROYED,2055
EUW1_7588761849,zEtI2bcKSgwBLgPpcgEFpDyqOOGmIrRTXgwEuEZQXEwSPvD4ki0qjw2w8SWyVp6f8LP2YiJxZ8gZBg,,Seraphine,5,506528,ITEM_DESTROYED,3865
EUW1_7588761849,zEtI2bcKSgwBLgPpcgEFpDyqOOGmIrRTXgwEuEZQXEwSPvD4ki0qjw2w8SWyVp6f8LP2YiJxZ8gZBg,,Seraphine,5,650054,ITEM_PURCHASED,4642
EUW1_7588761849,zEtI2bcKSgwBLgPpcgEFpDyqOOGmIrRTXgwEuEZQXEwSPvD4ki0qjw2w8SWyVp6f8LP2YiJxZ8gZBg,,Seraphine,5,816751,ITEM_PURCHASED,3067
EUW1_7588761849,zEtI2bcKSgwBLgPpcgEFpDyqOOGmIrRTXgwEuEZQXEwSPvD4ki0qjw2w8SWyVp6f8LP2YiJxZ8gZBg,,Seraphine,5,817620,ITEM_DESTROYED,3340
EUW1_7588761849,zEtI2bcKSgwBLgPpcgEFpDyqOOGmIrRTXgwEuEZQXEwSPvD4ki0qjw2w8SWyVp6f8LP2YiJxZ8gZBg,,Seraphine,5,817620,ITEM_PURCHASED,3364
EUW1_7588761849,zEtI2bcKSgwBLgPpcgEFpDyqOOGmIrRTXgwEuEZQXEwSPvD4ki0qjw2w8SWyVp6f8LP2YiJxZ8gZBg,,Seraphine,5,818288,ITEM_PURCHASED,2055
EUW1_7588761849,zEtI2bcKSgwBLgPpcgEFpDyqOOGmIrRTXgwEuEZQXEwSPvD4ki0qjw2w8SWyVp6f8LP2YiJxZ8gZBg,,Seraphine,5,819724,ITEM_PURCHASED,2003
EUW1_7588761849,zEtI2bcKSgwBLgPpcgEFpDyqOOGmIrRTXgwEuEZQXEwSPvD4ki0qjw2w8SWyVp6f8LP2YiJxZ8gZBg,,Seraphine,5,820425,ITEM_PURCHASED,2055
EUW1_7588761849,zEtI2bcKSgwBLgPpcgEFpDyqOOGmIrRTXgwEuEZQXEwSPvD4ki0qjw2w8SWyVp6f8LP2YiJxZ8gZBg,,Seraphine,5,843920,ITEM_DESTROYED,3866
EUW1_7588761849,zEtI2bcKSgwBLgPpcgEFpDyqOOGmIrRTXgwEuEZQXEwSPvD4ki0qjw2w8SWyVp6f8LP2YiJxZ8gZBg,,Seraphine,5,844988,ITEM_DESTROYED,2055
EUW1_7588761849,zEtI2bcKSgwBLgPpcgEFpDyqOOGmIrRTXgwEuEZQXEwSPvD4ki0qjw2w8SWyVp6f8LP2YiJxZ8gZBg,,Seraphine,5,846057,ITEM_DESTROYED,3867
EUW1_7588761849,zEtI2bcKSgwBLgPpcgEFpDyqOOGmIrRTXgwEuEZQXEwSPvD4ki0qjw2w8SWyVp6f8LP2YiJxZ8gZBg,,Seraphine,5,881303,ITEM_DESTROYED,2003
EUW1_7588761849,zEtI2bcKSgwBLgPpcgEFpDyqOOGmIrRTXgwEuEZQXEwSPvD4ki0qjw2w8SWyVp6f8LP2YiJxZ8gZBg,,Seraphine,5,916673,ITEM_DESTROYED,2055
EUW1_7588761849,zEtI2bcKSgwBLgPpcgEFpDyqOOGmIrRTXgwEuEZQXEwSPvD4ki0qjw2w8SWyVp6f8LP2YiJxZ8gZBg,,Seraphine,5,941792,ITEM_DESTROYED,3067
EUW1_7588761849,zEtI2bcKSgwBLgPpcgEFpDyqOOGmIrRTXgwEuEZQXEwSPvD4ki0qjw2w8SWyVp6f8LP2YiJxZ8gZBg,,Seraphine,5,941792,ITEM_DESTROYED,4642
EUW1_7588761849,zEtI2bcKSgwBLgPpcgEFpDyqOOGmIrRTXgwEuEZQXEwSPvD4ki0qjw2w8SWyVp6f8LP2YiJxZ8gZBg,,Seraphine,5,941792,ITEM_PURCHASED,6620
EUW1_7588761849,zEtI2bcKSgwBLgPpcgEFpDyqOOGmIrRTXgwEuEZQXEwSPvD4ki0qjw2w8SWyVp6f8LP2YiJxZ8gZBg,,Seraphine,5,944731,ITEM_PURCHASED,2055
EUW1_7588761849,zEtI2bcKSgwBLgPpcgEFpDyqOOGmIrRTXgwEuEZQXEwSPvD4ki0qjw2w8SWyVp6f8LP2YiJxZ8gZBg,,Seraphine,5,945032,ITEM_PURCHASED,2055
EUW1_7588761849,zEtI2bcKSgwBLgPpcgEFpDyqOOGmIrRTXgwEuEZQXEwSPvD4ki0qjw2w8SWyVp6f8LP2YiJxZ8gZBg,,Seraphine,5,1028865,ITEM_DESTROYED,2055
EUW1_7588761849,zEtI2bcKSgwBLgPpcgEFpDyqOOGmIrRTXgwEuEZQXEwSPvD4ki0qjw2w8SWyVp6f8LP2YiJxZ8gZBg,,Seraphine,5,1111131,ITEM_PURCHASED,3067
EUW1_7588761849,zEtI2bcKSgwBLgPpcgEFpDyqOOGmIrRTXgwEuEZQXEwSPvD4ki0qjw2w8SWyVp6f8LP2YiJxZ8gZBg,,Seraphine,5,1179266,ITEM_DESTROYED,2055
EUW1_7588761849,zEtI2bcKSgwBLgPpcgEFpDyqOOGmIrRTXgwEuEZQXEwSPvD4ki0qjw2w8SWyVp6f8LP2YiJxZ8gZBg,,Seraphine,5,1276858,ITEM_PURCHASED,3114
EUW1_7588761849,zEtI2bcKSgwBLgPpcgEFpDyqOOGmIrRTXgwEuEZQXEwSPvD4ki0qjw2w8SWyVp6f8LP2YiJxZ8gZBg,,Seraphine,5,1368961,ITEM_DESTROYED,3067
EUW1_7588761849,zEtI2bcKSgwBLgPpcgEFpDyqOOGmIrRTXgwEuEZQXEwSPvD4ki0qjw2w8SWyVp6f8LP2YiJxZ8gZBg,,Seraphine,5,1368961,ITEM_DESTROYED,3114
EUW1_7588761849,zEtI2bcKSgwBLgPpcgEFpDyqOOGmIrRTXgwEuEZQXEwSPvD4ki0qjw2w8SWyVp6f8LP2YiJxZ8gZBg,,Seraphine,5,1368961,ITEM_PURCHASED,3107
EUW1_7588761849,zEtI2bcKSgwBLgPpcgEFpDyqOOGmIrRTXgwEuEZQXEwSPvD4ki0qjw2w8SWyVp6f8LP2YiJxZ8gZBg,,Seraphine,5,1650735,ITEM_PURCHASED,4642
EUW1_7588761849,zEtI2bcKSgwBLgPpcgEFpDyqOOGmIrRTXgwEuEZQXEwSPvD4ki0qjw2w8SWyVp6f8LP2YiJxZ8gZBg,,Seraphine,5,1651436,ITEM_PURCHASED,3067
EUW1_7588761849,zEtI2bcKSgwBLgPpcgEFpDyqOOGmIrRTXgwEuEZQXEwSPvD4ki0qjw2w8SWyVp6f8LP2YiJxZ8gZBg,,Seraphine,5,1695348,ITEM_DESTROYED,3067
EUW1_7588761849,zEtI2bcKSgwBLgPpcgEFpDyqOOGmIrRTXgwEuEZQXEwSPvD4ki0qjw2w8SWyVp6f8LP2YiJxZ8gZBg,,Seraphine,5,1695348,ITEM_DESTROYED,4642
EUW1_7588761849,zEtI2bcKSgwBLgPpcgEFpDyqOOGmIrRTXgwEuEZQXEwSPvD4ki0qjw2w8SWyVp6f8LP2YiJxZ8gZBg,,Seraphine,5,1695348,ITEM_PURCHASED,6617
EUW1_7588761849,zEtI2bcKSgwBLgPpcgEFpDyqOOGmIrRTXgwEuEZQXEwSPvD4ki0qjw2w8SWyVp6f8LP2YiJxZ8gZBg,,Seraphine,5,1805569,ITEM_PURCHASED,1052
EUW1_7588761849,zEtI2bcKSgwBLgPpcgEFpDyqOOGmIrRTXgwEuEZQXEwSPvD4ki0qjw2w8SWyVp6f8LP2YiJxZ8gZBg,,Seraphine,5,1946236,ITEM_DESTROYED,1052
EUW1_7588761849,zEtI2bcKSgwBLgPpcgEFpDyqOOGmIrRTXgwEuEZQXEwSPvD4ki0qjw2w8SWyVp6f8LP2YiJxZ8gZBg,,Seraphine,5,1946236,ITEM_PURCHASED,3916
EUW1_7588761849,zEtI2bcKSgwBLgPpcgEFpDyqOOGmIrRTXgwEuEZQXEwSPvD4ki0qjw2w8SWyVp6f8LP2YiJxZ8gZBg,,Seraphine,5,2161281,ITEM_DESTROYED,3916
EUW1_7588761849,zEtI2bcKSgwBLgPpcgEFpDyqOOGmIrRTXgwEuEZQXEwSPvD4ki0qjw2w8SWyVp6f8LP2YiJxZ8gZBg,,Seraphine,5,2161281,ITEM_PURCHASED,3165
EUW1_7588761849,iRn-CQgKkBDr-dvtXjINoKCH8KwEZNw-7nI3UM1bYvWYZ9h0FETDXtrmN2sHY74_a0spTPkuG76Mkw,,Yone,6,18316,ITEM_PURCHASED,1055
EUW1_7588761849,iRn-CQgKkBDr-dvtXjINoKCH8KwEZNw-7nI3UM1bYvWYZ9h0FETDXtrmN2sHY74_a0spTPkuG76Mkw,,Yone,6,18316,ITEM_PURCHASED,2003
EUW1_7588761849,iRn-CQgKkBDr-dvtXjINoKCH8KwEZNw-7nI3UM1bYvWYZ9h0FETDXtrmN2sHY74_a0spTPkuG76Mkw,,Yone,6,18817,ITEM_PURCHASED,3340
EUW1_7588761849,iRn-CQgKkBDr-dvtXjINoKCH8KwEZNw-7nI3UM1bYvWYZ9h0FETDXtrmN2sHY74_a0spTPkuG76Mkw,,Yone,6,111928,ITEM_DESTROYED,2003
EUW1_7588761849,iRn-CQgKkBDr-dvtXjINoKCH8KwEZNw-7nI3UM1bYvWYZ9h0FETDXtrmN2sHY74_a0spTPkuG76Mkw,,Yone,6,147986,ITEM_PURCHASED,1036
EUW1_7588761849,iRn-CQgKkBDr-dvtXjINoKCH8KwEZNw-7nI3UM1bYvWYZ9h0FETDXtrmN2sHY74_a0spTPkuG76Mkw,,Yone,6,198899,ITEM_PURCHASED,1042
EUW1_7588761849,iRn-CQgKkBDr-dvtXjINoKCH8KwEZNw-7nI3UM1bYvWYZ9h0FETDXtrmN2sHY74_a0spTPkuG76Mkw,,Yone,6,357433,ITEM_DESTROYED,1036
EUW1_7588761849,iRn-CQgKkBDr-dvtXjINoKCH8KwEZNw-7nI3UM1bYvWYZ9h0FETDXtrmN2sHY74_a0spTPkuG76Mkw,,Yone,6,357433,ITEM_PURCHASED,1053
EUW1_7588761849,iRn-CQgKkBDr-dvtXjINoKCH8KwEZNw-7nI3UM1bYvWYZ9h0FETDXtrmN2sHY74_a0spTPkuG76Mkw,,Yone,6,357466,ITEM_DESTROYED,1042
EUW1_7588761849,iRn-CQgKkBDr-dvtXjINoKCH8KwEZNw-7nI3UM1bYvWYZ9h0FETDXtrmN2sHY74_a0spTPkuG76Mkw,,Yone,6,357466,ITEM_PURCHASED,1043
EUW1_7588761849,iRn-CQgKkBDr-dvtXjINoKCH8KwEZNw-7nI3UM1bYvWYZ9h0FETDXtrmN2sHY74_a0spTPkuG76Mkw,,Yone,6,361174,ITEM_DESTROYED,1042
EUW1_7588761849,iRn-CQgKkBDr-dvtXjINoKCH8KwEZNw-7nI3UM1bYvWYZ9h0FETDXtrmN2sHY74_a0spTPkuG76Mkw,,Yone,6,361174,ITEM_PURCHASED,3006
EUW1_7588761849,iRn-CQgKkBDr-dvtXjINoKCH8KwEZNw-7nI3UM1bYvWYZ9h0FETDXtrmN2sHY74_a0spTPkuG76Mkw,,Yone,6,363045,ITEM_PURCHASED,1042
EUW1_7588761849,iRn-CQgKkBDr-dvtXjINoKCH8KwEZNw-7nI3UM1bYvWYZ9h0FETDXtrmN2sHY74_a0spTPkuG76Mkw,,Yone,6,713292,ITEM_SOLD,1055
EUW1_7588761849,iRn-CQgKkBDr-dvtXjINoKCH8KwEZNw-7nI3UM1bYvWYZ9h0FETDXtrmN2sHY74_a0spTPkuG76Mkw,,Yone,6,713693,ITEM_DESTROYED,1036
EUW1_7588761849,iRn-CQgKkBDr-dvtXjINoKCH8KwEZNw-7nI3UM1bYvWYZ9h0FETDXtrmN2sHY74_a0spTPkuG76Mkw,,Yone,6,713693,ITEM_DESTROYED,1042
EUW1_7588761849,iRn-CQgKkBDr-dvtXjINoKCH8KwEZNw-7nI3UM1bYvWYZ9h0FETDXtrmN2sHY74_a0spTPkuG76Mkw,,Yone,6,713693,ITEM_PURCHASED,3153
EUW1_7588761849,iRn-CQgKkBDr-dvtXjINoKCH8KwEZNw-7nI3UM1bYvWYZ9h0FETDXtrmN2sHY74_a0spTPkuG76Mkw,,Yone,6,915169,ITEM_PURCHASED,3123
EUW1_7588761849,iRn-CQgKkBDr-dvtXjINoKCH8KwEZNw-7nI3UM1bYvWYZ9h0FETDXtrmN2sHY74_a0spTPkuG76Mkw,,Yone,6,916238,ITEM_PURCHASED,1018
EUW1_7588761849,iRn-CQgKkBDr-dvtXjINoKCH8KwEZNw-7nI3UM1bYvWYZ9h0FETDXtrmN2sHY74_a0spTPkuG76Mkw,,Yone,6,917140,ITEM_PURCHASED,1036
EUW1_7588761849,iRn-CQgKkBDr-dvtXjINoKCH8KwEZNw-7nI3UM1bYvWYZ9h0FETDXtrmN2sHY74_a0spTPkuG76Mkw,,Yone,6,917608,ITEM_PURCHASED,1036
EUW1_7588761849,iRn-CQgKkBDr-dvtXjINoKCH8KwEZNw-7nI3UM1bYvWYZ9h0FETDXtrmN2sHY74_a0spTPkuG76Mkw,,Yone,6,1113704,ITEM_DESTROYED,3123
EUW1_7588761849,iRn-CQgKkBDr-dvtXjINoKCH8KwEZNw-7nI3UM1bYvWYZ9h0FETDXtrmN2sHY74_a0spTPkuG76Mkw,,Yone,6,1113704,ITEM_DESTROYED,1036
EUW1_7588761849,iRn-CQgKkBDr-dvtXjINoKCH8KwEZNw-7nI3UM1bYvWYZ9h0FETDXtrmN2sHY74_a0spTPkuG76Mkw,,Yone,6,1113704,ITEM_DESTROYED,1036
EUW1_7588761849,iRn-CQgKkBDr-dvtXjINoKCH8KwEZNw-7nI3UM1bYvWYZ9h0FETDXtrmN2sHY74_a0spTPkuG76Mkw,,Yone,6,1113704,ITEM_DESTROYED,1018
EUW1_7588761849,iRn-CQgKkBDr-dvtXjINoKCH8KwEZNw-7nI3UM1bYvWYZ9h0FETDXtrmN2sHY74_a0spTPkuG76Mkw,,Yone,6,1113704,ITEM_PURCHASED,3033
EUW1_7588761849,iRn-CQgKkBDr-dvtXjINoKCH8KwEZNw-7nI3UM1bYvWYZ9h0FETDXtrmN2sHY74_a0spTPkuG76Mkw,,Yone,6,1181541,ITEM_PURCHASED,1018
EUW1_7588761849,iRn-CQgKkBDr-dvtXjINoKCH8KwEZNw-7nI3UM1bYvWYZ9h0FETDXtrmN2sHY74_a0spTPkuG76Mkw,,Yone,6,1345622,ITEM_PURCHASED,1038
EUW1_7588761849,iRn-CQgKkBDr-dvtXjINoKCH8KwEZNw-7nI3UM1bYvWYZ9h0FETDXtrmN2sHY74_a0spTPkuG76Mkw,,Yone,6,1620227,ITEM_DESTROYED,1038
EUW1_7588761849,iRn-CQgKkBDr-dvtXjINoKCH8KwEZNw-7nI3UM1bYvWYZ9h0FETDXtrmN2sHY74_a0spTPkuG76Mkw,,Yone,6,1620227,ITEM_DESTROYED,1018
EUW1_7588761849,iRn-CQgKkBDr-dvtXjINoKCH8KwEZNw-7nI3UM1bYvWYZ9h0FETDXtrmN2sHY74_a0spTPkuG76Mkw,,Yone,6,1620227,ITEM_PURCHASED,3031
EUW1_7588761849,iRn-CQgKkBDr-dvtXjINoKCH8KwEZNw-7nI3UM1bYvWYZ9h0FETDXtrmN2sHY74_a0spTPkuG76Mkw,,Yone,6,1698889,ITEM_DESTROYED,3006
EUW1_7588761849,iRn-CQgKkBDr-dvtXjINoKCH8KwEZNw-7nI3UM1bYvWYZ9h0FETDXtrmN2sHY74_a0spTPkuG76Mkw,,Yone,6,1698889,ITEM_PURCHASED,3172
EUW1_7588761849,iRn-CQgKkBDr-dvtXjINoKCH8KwEZNw-7nI3UM1bYvWYZ9h0FETDXtrmN2sHY74_a0spTPkuG76Mkw,,Yone,6,1700359,ITEM_PURCHASED,1036
EUW1_7588761849,iRn-CQgKkBDr-dvtXjINoKCH8KwEZNw-7nI3UM1bYvWYZ9h0FETDXtrmN2sHY74_a0spTPkuG76Mkw,,Yone,6,1796659,ITEM_DESTROYED,1036
EUW1_7588761849,iRn-CQgKkBDr-dvtXjINoKCH8KwEZNw-7nI3UM1bYvWYZ9h0FETDXtrmN2sHY74_a0spTPkuG76Mkw,,Yone,6,1796659,ITEM_PURCHASED,2019
EUW1_7588761849,iRn-CQgKkBDr-dvtXjINoKCH8KwEZNw-7nI3UM1bYvWYZ9h0FETDXtrmN2sHY74_a0spTPkuG76Mkw,,Yone,6,1876286,ITEM_PURCHASED,3133
EUW1_7588761849,iRn-CQgKkBDr-dvtXjINoKCH8KwEZNw-7nI3UM1bYvWYZ9h0FETDXtrmN2sHY74_a0spTPkuG76Mkw,,Yone,6,1973993,ITEM_DESTROYED,2019
EUW1_7588761849,iRn-CQgKkBDr-dvtXjINoKCH8KwEZNw-7nI3UM1bYvWYZ9h0FETDXtrmN2sHY74_a0spTPkuG76Mkw,,Yone,6,1973993,ITEM_DESTROYED,3133
EUW1_7588761849,iRn-CQgKkBDr-dvtXjINoKCH8KwEZNw-7nI3UM1bYvWYZ9h0FETDXtrmN2sHY74_a0spTPkuG76Mkw,,Yone,6,1973993,ITEM_PURCHASED,6333
EUW1_7588761849,iRn-CQgKkBDr-dvtXjINoKCH8KwEZNw-7nI3UM1bYvWYZ9h0FETDXtrmN2sHY74_a0spTPkuG76Mkw,,Yone,6,1999499,ITEM_PURCHASED,1033
EUW1_7588761849,iRn-CQgKkBDr-dvtXjINoKCH8KwEZNw-7nI3UM1bYvWYZ9h0FETDXtrmN2sHY74_a0spTPkuG76Mkw,,Yone,6,2148148,ITEM_DESTROYED,1033
EUW1_7588761849,iRn-CQgKkBDr-dvtXjINoKCH8KwEZNw-7nI3UM1bYvWYZ9h0FETDXtrmN2sHY74_a0spTPkuG76Mkw,,Yone,6,2148148,ITEM_PURCHASED,1057
EUW1_7588761849,N8NjEIBeVgVHYg-AuSz84wxnD-udotVZmxS12Vj8Z8u090pQWTsMACiytSSe2TheLCZgVuBlynqcVA,,Jax,7,3886,ITEM_PURCHASED,1102
EUW1_7588761849,N8NjEIBeVgVHYg-AuSz84wxnD-udotVZmxS12Vj8Z8u090pQWTsMACiytSSe2TheLCZgVuBlynqcVA,,Jax,7,262608,ITEM_PURCHASED,3051
EUW1_7588761849,N8NjEIBeVgVHYg-AuSz84wxnD-udotVZmxS12Vj8Z8u090pQWTsMACiytSSe2TheLCZgVuBlynqcVA,,Jax,7,262842,ITEM_PURCHASED,2055
EUW1_7588761849,N8NjEIBeVgVHYg-AuSz84wxnD-udotVZmxS12Vj8Z8u090pQWTsMACiytSSe2TheLCZgVuBlynqcVA,,Jax,7,319037,ITEM_DESTROYED,2055
EUW1_7588761849,N8NjEIBeVgVHYg-AuSz84wxnD-udotVZmxS12Vj8Z8u090pQWTsMACiytSSe2TheLCZgVuBlynqcVA,,Jax,7,446115,ITEM_PURCHASED,3044
EUW1_7588761849,N8NjEIBeVgVHYg-AuSz84wxnD-udotVZmxS12Vj8Z8u090pQWTsMACiytSSe2TheLCZgVuBlynqcVA,,Jax,7,446916,ITEM_PURCHASED,2055
EUW1_7588761849,N8NjEIBeVgVHYg-AuSz84wxnD-udotVZmxS12Vj8Z8u090pQWTsMACiytSSe2TheLCZgVuBlynqcVA,,Jax,7,499079,ITEM_DESTROYED,2055
EUW1_7588761849,N8NjEIBeVgVHYg-AuSz84wxnD-udotVZmxS12Vj8Z8u090pQWTsMACiytSSe2TheLCZgVuBlynqcVA,,Jax,7,647783,ITEM_DESTROYED,3044
EUW1_7588761849,N8NjEIBeVgVHYg-AuSz84wxnD-udotVZmxS12Vj8Z8u090pQWTsMACiytSSe2TheLCZgVuBlynqcVA,,Jax,7,647783,ITEM_DESTROYED,3051
EUW1_7588761849,N8NjEIBeVgVHYg-AuSz84wxnD-udotVZmxS12Vj8Z8u090pQWTsMACiytSSe2TheLCZgVuBlynqcVA,,Jax,7,647783,ITEM_PURCHASED,3078
EUW1_7588761849,N8NjEIBeVgVHYg-AuSz84wxnD-udotVZmxS12Vj8Z8u090pQWTsMACiytSSe2TheLCZgVuBlynqcVA,,Jax,7,658688,ITEM_PURCHASED,2055
EUW1_7588761849,N8NjEIBeVgVHYg-AuSz84wxnD-udotVZmxS12Vj8Z8u090pQWTsMACiytSSe2TheLCZgVuBlynqcVA,,Jax,7,783493,ITEM_DESTROYED,2055
EUW1_7588761849,N8NjEIBeVgVHYg-AuSz84wxnD-udotVZmxS12Vj8Z8u090pQWTsMACiytSSe2TheLCZgVuBlynqcVA,,Jax,7,835836,ITEM_DESTROYED,2422
EUW1_7588761849,N8NjEIBeVgVHYg-AuSz84wxnD-udotVZmxS12Vj8Z8u090pQWTsMACiytSSe2TheLCZgVuBlynqcVA,,Jax,7,835836,ITEM_PURCHASED,3111
EUW1_7588761849,N8NjEIBeVgVHYg-AuSz84wxnD-udotVZmxS12Vj8Z8u090pQWTsMACiytSSe2TheLCZgVuBlynqcVA,,Jax,7,836571,ITEM_PURCHASED,1036
EUW1_7588761849,N8NjEIBeVgVHYg-AuSz84wxnD-udotVZmxS12Vj8Z8u090pQWTsMACiytSSe2TheLCZgVuBlynqcVA,,Jax,7,836638,ITEM_PURCHASED,1036
EUW1_7588761849,N8NjEIBeVgVHYg-AuSz84wxnD-udotVZmxS12Vj8Z8u090pQWTsMACiytSSe2TheLCZgVuBlynqcVA,,Jax,7,942092,ITEM_DESTROYED,1102
EUW1_7588761849,N8NjEIBeVgVHYg-AuSz84wxnD-udotVZmxS12Vj8Z8u090pQWTsMACiytSSe2TheLCZgVuBlynqcVA,,Jax,7,1046612,ITEM_DESTROYED,1036
EUW1_7588761849,N8NjEIBeVgVHYg-AuSz84wxnD-udotVZmxS12Vj8Z8u090pQWTsMACiytSSe2TheLCZgVuBlynqcVA,,Jax,7,1046612,ITEM_PURCHASED,2021
EUW1_7588761849,N8NjEIBeVgVHYg-AuSz84wxnD-udotVZmxS12Vj8Z8u090pQWTsMACiytSSe2TheLCZgVuBlynqcVA,,Jax,7,1047548,ITEM_PURCHASED,1036
EUW1_7588761849,N8NjEIBeVgVHYg-AuSz84wxnD-udotVZmxS12Vj8Z8u090pQWTsMACiytSSe2TheLCZgVuBlynqcVA,,Jax,7,1216990,ITEM_DESTROYED,2021
EUW1_7588761849,N8NjEIBeVgVHYg-AuSz84wxnD-udotVZmxS12Vj8Z8u090pQWTsMACiytSSe2TheLCZgVuBlynqcVA,,Jax,7,1216990,ITEM_DESTROYED,1036
EUW1_7588761849,N8NjEIBeVgVHYg-AuSz84wxnD-udotVZmxS12Vj8Z8u090pQWTsMACiytSSe2TheLCZgVuBlynqcVA,,Jax,7,1216990,ITEM_DESTROYED,1036
EUW1_7588761849,N8NjEIBeVgVHYg-AuSz84wxnD-udotVZmxS12Vj8Z8u090pQWTsMACiytSSe2TheLCZgVuBlynqcVA,,Jax,7,1216990,ITEM_PURCHASED,6610
EUW1_7588761849,N8NjEIBeVgVHYg-AuSz84wxnD-udotVZmxS12Vj8Z8u090pQWTsMACiytSSe2TheLCZgVuBlynqcVA,,Jax,7,1218676,ITEM_PURCHASED,2055
EUW1_7588761849,N8NjEIBeVgVHYg-AuSz84wxnD-udotVZmxS12Vj8Z8u090pQWTsMACiytSSe2TheLCZgVuBlynqcVA,,Jax,7,1418526,ITEM_PURCHASED,3157
EUW1_7588761849,N8NjEIBeVgVHYg-AuSz84wxnD-udotVZmxS12Vj8Z8u090pQWTsMACiytSSe2TheLCZgVuBlynqcVA,,Jax,7,1419294,ITEM_PURCHASED,2021
EUW1_7588761849,N8NjEIBeVgVHYg-AuSz84wxnD-udotVZmxS12Vj8Z8u090pQWTsMACiytSSe2TheLCZgVuBlynqcVA,,Jax,7,1548752,ITEM_SOLD,2055
EUW1_7588761849,N8NjEIBeVgVHYg-AuSz84wxnD-udotVZmxS12Vj8Z8u090pQWTsMACiytSSe2TheLCZgVuBlynqcVA,,Jax,7,1551458,ITEM_PURCHASED,1037
EUW1_7588761849,N8NjEIBeVgVHYg-AuSz84wxnD-udotVZmxS12Vj8Z8u090pQWTsMACiytSSe2TheLCZgVuBlynqcVA,,Jax,7,1794221,ITEM_DESTROYED,1037
EUW1_7588761849,N8NjEIBeVgVHYg-AuSz84wxnD-udotVZmxS12Vj8Z8u090pQWTsMACiytSSe2TheLCZgVuBlynqcVA,,Jax,7,1794221,ITEM_DESTROYED,2021
EUW1_7588761849,N8NjEIBeVgVHYg-AuSz84wxnD-udotVZmxS12Vj8Z8u090pQWTsMACiytSSe2TheLCZgVuBlynqcVA,,Jax,7,1794221,ITEM_PURCHASED,3053
EUW1_7588761849,N8NjEIBeVgVHYg-AuSz84wxnD-udotVZmxS12Vj8Z8u090pQWTsMACiytSSe2TheLCZgVuBlynqcVA,,Jax,7,1794388,ITEM_PURCHASED,1033
EUW1_7588761849,N8NjEIBeVgVHYg-AuSz84wxnD-udotVZmxS12Vj8Z8u090pQWTsMACiytSSe2TheLCZgVuBlynqcVA,,Jax,7,1852672,ITEM_DESTROYED,1033
EUW1_7588761849,N8NjEIBeVgVHYg-AuSz84wxnD-udotVZmxS12Vj8Z8u090pQWTsMACiytSSe2TheLCZgVuBlynqcVA,,Jax,7,1852672,ITEM_PURCHASED,1057
EUW1_7588761849,N8NjEIBeVgVHYg-AuSz84wxnD-udotVZmxS12Vj8Z8u090pQWTsMACiytSSe2TheLCZgVuBlynqcVA,,Jax,7,2134668,ITEM_DESTROYED,1057
EUW1_7588761849,N8NjEIBeVgVHYg-AuSz84wxnD-udotVZmxS12Vj8Z8u090pQWTsMACiytSSe2TheLCZgVuBlynqcVA,,Jax,7,2134668,ITEM_PURCHASED,3091
EUW1_7588761849,N8NjEIBeVgVHYg-AuSz84wxnD-udotVZmxS12Vj8Z8u090pQWTsMACiytSSe2TheLCZgVuBlynqcVA,,Jax,7,2223173,ITEM_DESTROYED,2140
EUW1_7588761849,N8NjEIBeVgVHYg-AuSz84wxnD-udotVZmxS12Vj8Z8u090pQWTsMACiytSSe2TheLCZgVuBlynqcVA,,Jax,7,2223173,ITEM_PURCHASED,2140
EUW1_7588761849,i5OQbajzF3HWth5nQcH9Cdj661j7v3PtqiEdkq26Kr8Y5dqykf2_gfbG0DofqgBL7-rkj4_PGYEADw,,Hwei,8,3285,ITEM_PURCHASED,1056
EUW1_7588761849,i5OQbajzF3HWth5nQcH9Cdj661j7v3PtqiEdkq26Kr8Y5dqykf2_gfbG0DofqgBL7-rkj4_PGYEADw,,Hwei,8,3285,ITEM_PURCHASED,2003
EUW1_7588761849,i5OQbajzF3HWth5nQcH9Cdj661j7v3PtqiEdkq26Kr8Y5dqykf2_gfbG0DofqgBL7-rkj4_PGYEADw,,Hwei,8,3285,ITEM_PURCHASED,2003
EUW1_7588761849,i5OQbajzF3HWth5nQcH9Cdj661j7v3PtqiEdkq26Kr8Y5dqykf2_gfbG0DofqgBL7-rkj4_PGYEADw,,Hwei,8,87344,ITEM_DESTROYED,2003
EUW1_7588761849,i5OQbajzF3HWth5nQcH9Cdj661j7v3PtqiEdkq26Kr8Y5dqykf2_gfbG0DofqgBL7-rkj4_PGYEADw,,Hwei,8,125160,ITEM_DESTROYED,2003
EUW1_7588761849,i5OQbajzF3HWth5nQcH9Cdj661j7v3PtqiEdkq26Kr8Y5dqykf2_gfbG0DofqgBL7-rkj4_PGYEADw,,Hwei,8,238689,ITEM_PURCHASED,1052
EUW1_7588761849,i5OQbajzF3HWth5nQcH9Cdj661j7v3PtqiEdkq26Kr8Y5dqykf2_gfbG0DofqgBL7-rkj4_PGYEADw,,Hwei,8,238755,ITEM_PURCHASED,1027
EUW1_7588761849,i5OQbajzF3HWth5nQcH9Cdj661j7v3PtqiEdkq26Kr8Y5dqykf2_gfbG0DofqgBL7-rkj4_PGYEADw,,Hwei,8,241328,ITEM_PURCHASED,1052
EUW1_7588761849,i5OQbajzF3HWth5nQcH9Cdj661j7v3PtqiEdkq26Kr8Y5dqykf2_gfbG0DofqgBL7-rkj4_PGYEADw,,Hwei,8,241361,ITEM_PURCHASED,1027
EUW1_7588761849,i5OQbajzF3HWth5nQcH9Cdj661j7v3PtqiEdkq26Kr8Y5dqykf2_gfbG0DofqgBL7-rkj4_PGYEADw,,Hwei,8,408191,ITEM_DESTROYED,1052
EUW1_7588761849,i5OQbajzF3HWth5nQcH9Cdj661j7v3PtqiEdkq26Kr8Y5dqykf2_gfbG0DofqgBL7-rkj4_PGYEADw,,Hwei,8,408191,ITEM_DESTROYED,1027
EUW1_7588761849,i5OQbajzF3HWth5nQcH9Cdj661j7v3PtqiEdkq26Kr8Y5dqykf2_gfbG0DofqgBL7-rkj4_PGYEADw,,Hwei,8,408191,ITEM_PURCHASED,3802
EUW1_7588761849,i5OQbajzF3HWth5nQcH9Cdj661j7v3PtqiEdkq26Kr8Y5dqykf2_gfbG0DofqgBL7-rkj4_PGYEADw,,Hwei,8,420596,ITEM_PURCHASED,1001
EUW1_7588761849,i5OQbajzF3HWth5nQcH9Cdj661j7v3PtqiEdkq26Kr8Y5dqykf2_gfbG0DofqgBL7-rkj4_PGYEADw,,Hwei,8,583225,ITEM_PURCHASED,1052
EUW1_7588761849,i5OQbajzF3HWth5nQcH9Cdj661j7v3PtqiEdkq26Kr8Y5dqykf2_gfbG0DofqgBL7-rkj4_PGYEADw,,Hwei,8,583258,ITEM_PURCHASED,1052
EUW1_7588761849,i5OQbajzF3HWth5nQcH9Cdj661j7v3PtqiEdkq26Kr8Y5dqykf2_gfbG0DofqgBL7-rkj4_PGYEADw,,Hwei,8,585797,ITEM_PURCHASED,2508
EUW1_7588761849,i5OQbajzF3HWth5nQcH9Cdj661j7v3PtqiEdkq26Kr8Y5dqykf2_gfbG0DofqgBL7-rkj4_PGYEADw,,Hwei,8,688226,ITEM_PURCHASED,3070
EUW1_7588761849,i5OQbajzF3HWth5nQcH9Cdj661j7v3PtqiEdkq26Kr8Y5dqykf2_gfbG0DofqgBL7-rkj4_PGYEADw,,Hwei,8,793420,ITEM_DESTROYED,3802
EUW1_7588761849,i5OQbajzF3HWth5nQcH9Cdj661j7v3PtqiEdkq26Kr8Y5dqykf2_gfbG0DofqgBL7-rkj4_PGYEADw,,Hwei,8,793420,ITEM_DESTROYED,2508
EUW1_7588761849,i5OQbajzF3HWth5nQcH9Cdj661j7v3PtqiEdkq26Kr8Y5dqykf2_gfbG0DofqgBL7-rkj4_PGYEADw,,Hwei,8,793420,ITEM_PURCHASED,2503
EUW1_7588761849,i5OQbajzF3HWth5nQcH9Cdj661j7v3PtqiEdkq26Kr8Y5dqykf2_gfbG0DofqgBL7-rkj4_PGYEADw,,Hwei,8,925861,ITEM_DESTROYED,1001
EUW1_7588761849,i5OQbajzF3HWth5nQcH9Cdj661j7v3PtqiEdkq26Kr8Y5dqykf2_gfbG0DofqgBL7-rkj4_PGYEADw,,Hwei,8,925861,ITEM_PURCHASED,3158
EUW1_7588761849,i5OQbajzF3HWth5nQcH9Cdj661j7v3PtqiEdkq26Kr8Y5dqykf2_gfbG0DofqgBL7-rkj4_PGYEADw,,Hwei,8,926897,ITEM_PURCHASED,1052
EUW1_7588761849,i5OQbajzF3HWth5nQcH9Cdj661j7v3PtqiEdkq26Kr8Y5dqykf2_gfbG0DofqgBL7-rkj4_PGYEADw,,Hwei,8,1078028,ITEM_DESTROYED,1052
EUW1_7588761849,i5OQbajzF3HWth5nQcH9Cdj661j7v3PtqiEdkq26Kr8Y5dqykf2_gfbG0DofqgBL7-rkj4_PGYEADw,,Hwei,8,1078028,ITEM_PURCHASED,3147
EUW1_7588761849,i5OQbajzF3HWth5nQcH9Cdj661j7v3PtqiEdkq26Kr8Y5dqykf2_gfbG0DofqgBL7-rkj4_PGYEADw,,Hwei,8,1094862,ITEM_PURCHASED,1052
EUW1_7588761849,i5OQbajzF3HWth5nQcH9Cdj661j7v3PtqiEdkq26Kr8Y5dqykf2_gfbG0DofqgBL7-rkj4_PGYEADw,,Hwei,8,1241632,ITEM_DESTROYED,1052
EUW1_7588761849,i5OQbajzF3HWth5nQcH9Cdj661j7v3PtqiEdkq26Kr8Y5dqykf2_gfbG0DofqgBL7-rkj4_PGYEADw,,Hwei,8,1241632,ITEM_PURCHASED,2508
EUW1_7588761849,i5OQbajzF3HWth5nQcH9Cdj661j7v3PtqiEdkq26Kr8Y5dqykf2_gfbG0DofqgBL7-rkj4_PGYEADw,,Hwei,8,1242367,ITEM_SOLD,1056
EUW1_7588761849,i5OQbajzF3HWth5nQcH9Cdj661j7v3PtqiEdkq26Kr8Y5dqykf2_gfbG0DofqgBL7-rkj4_PGYEADw,,Hwei,8,1243001,ITEM_DESTROYED,3147
EUW1_7588761849,i5OQbajzF3HWth5nQcH9Cdj661j7v3PtqiEdkq26Kr8Y5dqykf2_gfbG0DofqgBL7-rkj4_PGYEADw,,Hwei,8,1243001,ITEM_DESTROYED,2508
EUW1_7588761849,i5OQbajzF3HWth5nQcH9Cdj661j7v3PtqiEdkq26Kr8Y5dqykf2_gfbG0DofqgBL7-rkj4_PGYEADw,,Hwei,8,1243001,ITEM_PURCHASED,6653
EUW1_7588761849,i5OQbajzF3HWth5nQcH9Cdj661j7v3PtqiEdkq26Kr8Y5dqykf2_gfbG0DofqgBL7-rkj4_PGYEADw,,Hwei,8,1245383,ITEM_DESTROYED,3340
EUW1_7588761849,i5OQbajzF3HWth5nQcH9Cdj661j7v3PtqiEdkq26Kr8Y5dqykf2_gfbG0DofqgBL7-rkj4_PGYEADw,,Hwei,8,1245383,ITEM_PURCHASED,3363
EUW1_7588761849,i5OQbajzF3HWth5nQcH9Cdj661j7v3PtqiEdkq26Kr8Y5dqykf2_gfbG0DofqgBL7-rkj4_PGYEADw,,Hwei,8,1406653,ITEM_PURCHASED,1058
EUW1_7588761849,i5OQbajzF3HWth5nQcH9Cdj661j7v3PtqiEdkq26Kr8Y5dqykf2_gfbG0DofqgBL7-rkj4_PGYEADw,,Hwei,8,1533213,ITEM_PURCHASED,3145
EUW1_7588761849,i5OQbajzF3HWth5nQcH9Cdj661j7v3PtqiEdkq26Kr8Y5dqykf2_gfbG0DofqgBL7-rkj4_PGYEADw,,Hwei,8,1606347,ITEM_DESTROYED,3145
EUW1_7588761849,i5OQbajzF3HWth5nQcH9Cdj661j7v3PtqiEdkq26Kr8Y5dqykf2_gfbG0DofqgBL7-rkj4_PGYEADw,,Hwei,8,1606347,ITEM_DESTROYED,1058
EUW1_7588761849,i5OQbajzF3HWth5nQcH9Cdj661j7v3PtqiEdkq26Kr8Y5dqykf2_gfbG0DofqgBL7-rkj4_PGYEADw,,Hwei,8,1606347,ITEM_PURCHASED,4645
EUW1_7588761849,i5OQbajzF3HWth5nQcH9Cdj661j7v3PtqiEdkq26Kr8Y5dqykf2_gfbG0DofqgBL7-rkj4_PGYEADw,,Hwei,8,1609022,ITEM_PURCHASED,2055
EUW1_7588761849,i5OQbajzF3HWth5nQcH9Cdj661j7v3PtqiEdkq26Kr8Y5dqykf2_gfbG0DofqgBL7-rkj4_PGYEADw,,Hwei,8,1719755,ITEM_SOLD,2055
EUW1_7588761849,i5OQbajzF3HWth5nQcH9Cdj661j7v3PtqiEdkq26Kr8Y5dqykf2_gfbG0DofqgBL7-rkj4_PGYEADw,,Hwei,8,1720824,ITEM_PURCHASED,1058
EUW1_7588761849,i5OQbajzF3HWth5nQcH9Cdj661j7v3PtqiEdkq26Kr8Y5dqykf2_gfbG0DofqgBL7-rkj4_PGYEADw,,Hwei,8,1811916,ITEM_DESTROYED,3158
EUW1_7588761849,i5OQbajzF3HWth5nQcH9Cdj661j7v3PtqiEdkq26Kr8Y5dqykf2_gfbG0DofqgBL7-rkj4_PGYEADw,,Hwei,8,1811916,ITEM_PURCHASED,3171
EUW1_7588761849,i5OQbajzF3HWth5nQcH9Cdj661j7v3PtqiEdkq26Kr8Y5dqykf2_gfbG0DofqgBL7-rkj4_PGYEADw,,Hwei,8,2006671,ITEM_DESTROYED,1058
EUW1_7588761849,i5OQbajzF3HWth5nQcH9Cdj661j7v3PtqiEdkq26Kr8Y5dqykf2_gfbG0DofqgBL7-rkj4_PGYEADw,,Hwei,8,2006671,ITEM_PURCHASED,3089
EUW1_7588761849,i5OQbajzF3HWth5nQcH9Cdj661j7v3PtqiEdkq26Kr8Y5dqykf2_gfbG0DofqgBL7-rkj4_PGYEADw,,Hwei,8,2265252,ITEM_SOLD,3070
EUW1_7588761849,i5OQbajzF3HWth5nQcH9Cdj661j7v3PtqiEdkq26Kr8Y5dqykf2_gfbG0DofqgBL7-rkj4_PGYEADw,,Hwei,8,2266555,ITEM_PURCHASED,4630
EUW1_7588761849,ZJT_6SrlWofFkf_a8XXtdZax3q9uLhjkZLqy-sAwsqt_grrBqKcjsSuMq89N-L6SHR95yPCSAwFJpw,,Ashe,9,6158,ITEM_PURCHASED,1055
EUW1_7588761849,ZJT_6SrlWofFkf_a8XXtdZax3q9uLhjkZLqy-sAwsqt_grrBqKcjsSuMq89N-L6SHR95yPCSAwFJpw,,Ashe,9,6158,ITEM_PURCHASED,2003
EUW1_7588761849,ZJT_6SrlWofFkf_a8XXtdZax3q9uLhjkZLqy-sAwsqt_grrBqKcjsSuMq89N-L6SHR95yPCSAwFJpw,,Ashe,9,127432,ITEM_DESTROYED,2003
EUW1_7588761849,ZJT_6SrlWofFkf_a8XXtdZax3q9uLhjkZLqy-sAwsqt_grrBqKcjsSuMq89N-L6SHR95yPCSAwFJpw,,Ashe,9,264846,ITEM_PURCHASED,1001
EUW1_7588761849,ZJT_6SrlWofFkf_a8XXtdZax3q9uLhjkZLqy-sAwsqt_grrBqKcjsSuMq89N-L6SHR95yPCSAwFJpw,,Ashe,9,265247,ITEM_PURCHASED,1042
EUW1_7588761849,ZJT_6SrlWofFkf_a8XXtdZax3q9uLhjkZLqy-sAwsqt_grrBqKcjsSuMq89N-L6SHR95yPCSAwFJpw,,Ashe,9,265380,ITEM_PURCHASED,1042
EUW1_7588761849,ZJT_6SrlWofFkf_a8XXtdZax3q9uLhjkZLqy-sAwsqt_grrBqKcjsSuMq89N-L6SHR95yPCSAwFJpw,,Ashe,9,446682,ITEM_DESTROYED,1001
EUW1_7588761849,ZJT_6SrlWofFkf_a8XXtdZax3q9uLhjkZLqy-sAwsqt_grrBqKcjsSuMq89N-L6SHR95yPCSAwFJpw,,Ashe,9,446682,ITEM_DESTROYED,1042
EUW1_7588761849,ZJT_6SrlWofFkf_a8XXtdZax3q9uLhjkZLqy-sAwsqt_grrBqKcjsSuMq89N-L6SHR95yPCSAwFJpw,,Ashe,9,446682,ITEM_DESTROYED,1042
EUW1_7588761849,ZJT_6SrlWofFkf_a8XXtdZax3q9uLhjkZLqy-sAwsqt_grrBqKcjsSuMq89N-L6SHR95yPCSAwFJpw,,Ashe,9,446682,ITEM_PURCHASED,3006
EUW1_7588761849,ZJT_6SrlWofFkf_a8XXtdZax3q9uLhjkZLqy-sAwsqt_grrBqKcjsSuMq89N-L6SHR95yPCSAwFJpw,,Ashe,9,448486,ITEM_PURCHASED,1042
EUW1_7588761849,ZJT_6SrlWofFkf_a8XXtdZax3q9uLhjkZLqy-sAwsqt_grrBqKcjsSuMq89N-L6SHR95yPCSAwFJpw,,Ashe,9,448653,ITEM_PURCHASED,1042
EUW1_7588761849,ZJT_6SrlWofFkf_a8XXtdZax3q9uLhjkZLqy-sAwsqt_grrBqKcjsSuMq89N-L6SHR95yPCSAwFJpw,,Ashe,9,651825,ITEM_PURCHASED,1038
EUW1_7588761849,ZJT_6SrlWofFkf_a8XXtdZax3q9uLhjkZLqy-sAwsqt_grrBqKcjsSuMq89N-L6SHR95yPCSAwFJpw,,Ashe,9,652259,ITEM_DESTROYED,1042
EUW1_7588761849,ZJT_6SrlWofFkf_a8XXtdZax3q9uLhjkZLqy-sAwsqt_grrBqKcjsSuMq89N-L6SHR95yPCSAwFJpw,,Ashe,9,652259,ITEM_DESTROYED,1042
EUW1_7588761849,ZJT_6SrlWofFkf_a8XXtdZax3q9uLhjkZLqy-sAwsqt_grrBqKcjsSuMq89N-L6SHR95yPCSAwFJpw,,Ashe,9,652259,ITEM_PURCHASED,3144
EUW1_7588761849,ZJT_6SrlWofFkf_a8XXtdZax3q9uLhjkZLqy-sAwsqt_grrBqKcjsSuMq89N-L6SHR95yPCSAwFJpw,,Ashe,9,781287,ITEM_PURCHASED,1036
EUW1_7588761849,ZJT_6SrlWofFkf_a8XXtdZax3q9uLhjkZLqy-sAwsqt_grrBqKcjsSuMq89N-L6SHR95yPCSAwFJpw,,Ashe,9,897844,ITEM_DESTROYED,1038
EUW1_7588761849,ZJT_6SrlWofFkf_a8XXtdZax3q9uLhjkZLqy-sAwsqt_grrBqKcjsSuMq89N-L6SHR95yPCSAwFJpw,,Ashe,9,897844,ITEM_DESTROYED,3144
EUW1_7588761849,ZJT_6SrlWofFkf_a8XXtdZax3q9uLhjkZLqy-sAwsqt_grrBqKcjsSuMq89N-L6SHR95yPCSAwFJpw,,Ashe,9,897844,ITEM_DESTROYED,1036
EUW1_7588761849,ZJT_6SrlWofFkf_a8XXtdZax3q9uLhjkZLqy-sAwsqt_grrBqKcjsSuMq89N-L6SHR95yPCSAwFJpw,,Ashe,9,897844,ITEM_PURCHASED,3032
EUW1_7588761849,ZJT_6SrlWofFkf_a8XXtdZax3q9uLhjkZLqy-sAwsqt_grrBqKcjsSuMq89N-L6SHR95yPCSAwFJpw,,Ashe,9,1087714,ITEM_PURCHASED,1037
EUW1_7588761849,ZJT_6SrlWofFkf_a8XXtdZax3q9uLhjkZLqy-sAwsqt_grrBqKcjsSuMq89N-L6SHR95yPCSAwFJpw,,Ashe,9,1363784,ITEM_PURCHASED,1038
EUW1_7588761849,ZJT_6SrlWofFkf_a8XXtdZax3q9uLhjkZLqy-sAwsqt_grrBqKcjsSuMq89N-L6SHR95yPCSAwFJpw,,Ashe,9,1515703,ITEM_PURCHASED,1018
EUW1_7588761849,ZJT_6SrlWofFkf_a8XXtdZax3q9uLhjkZLqy-sAwsqt_grrBqKcjsSuMq89N-L6SHR95yPCSAwFJpw,,Ashe,9,1634129,ITEM_DESTROYED,1038
EUW1_7588761849,ZJT_6SrlWofFkf_a8XXtdZax3q9uLhjkZLqy-sAwsqt_grrBqKcjsSuMq89N-L6SHR95yPCSAwFJpw,,Ashe,9,1634129,ITEM_DESTROYED,1037
EUW1_7588761849,ZJT_6SrlWofFkf_a8XXtdZax3q9uLhjkZLqy-sAwsqt_grrBqKcjsSuMq89N-L6SHR95yPCSAwFJpw,,Ashe,9,1634129,ITEM_DESTROYED,1018
EUW1_7588761849,ZJT_6SrlWofFkf_a8XXtdZax3q9uLhjkZLqy-sAwsqt_grrBqKcjsSuMq89N-L6SHR95yPCSAwFJpw,,Ashe,9,1634129,ITEM_PURCHASED,3031
EUW1_7588761849,ZJT_6SrlWofFkf_a8XXtdZax3q9uLhjkZLqy-sAwsqt_grrBqKcjsSuMq89N-L6SHR95yPCSAwFJpw,,Ashe,9,1639134,ITEM_PURCHASED,1036
EUW1_7588761849,ZJT_6SrlWofFkf_a8XXtdZax3q9uLhjkZLqy-sAwsqt_grrBqKcjsSuMq89N-L6SHR95yPCSAwFJpw,,Ashe,9,1644411,ITEM_PURCHASED,1036
EUW1_7588761849,ZJT_6SrlWofFkf_a8XXtdZax3q9uLhjkZLqy-sAwsqt_grrBqKcjsSuMq89N-L6SHR95yPCSAwFJpw,,Ashe,9,1732442,ITEM_DESTROYED,1036
EUW1_7588761849,ZJT_6SrlWofFkf_a8XXtdZax3q9uLhjkZLqy-sAwsqt_grrBqKcjsSuMq89N-L6SHR95yPCSAwFJpw,,Ashe,9,1732442,ITEM_PURCHASED,3123
EUW1_7588761849,ZJT_6SrlWofFkf_a8XXtdZax3q9uLhjkZLqy-sAwsqt_grrBqKcjsSuMq89N-L6SHR95yPCSAwFJpw,,Ashe,9,1846572,ITEM_PURCHASED,1036
EUW1_7588761849,ZJT_6SrlWofFkf_a8XXtdZax3q9uLhjkZLqy-sAwsqt_grrBqKcjsSuMq89N-L6SHR95yPCSAwFJpw,,Ashe,9,1939705,ITEM_DESTROYED,1036
EUW1_7588761849,ZJT_6SrlWofFkf_a8XXtdZax3q9uLhjkZLqy-sAwsqt_grrBqKcjsSuMq89N-L6SHR95yPCSAwFJpw,,Ashe,9,1939705,ITEM_PURCHASED,3035
EUW1_7588761849,ZJT_6SrlWofFkf_a8XXtdZax3q9uLhjkZLqy-sAwsqt_grrBqKcjsSuMq89N-L6SHR95yPCSAwFJpw,,Ashe,9,2054665,ITEM_DESTROYED,3123
EUW1_7588761849,ZJT_6SrlWofFkf_a8XXtdZax3q9uLhjkZLqy-sAwsqt_grrBqKcjsSuMq89N-L6SHR95yPCSAwFJpw,,Ashe,9,2054665,ITEM_DESTROYED,3035
EUW1_7588761849,ZJT_6SrlWofFkf_a8XXtdZax3q9uLhjkZLqy-sAwsqt_grrBqKcjsSuMq89N-L6SHR95yPCSAwFJpw,,Ashe,9,2054665,ITEM_PURCHASED,3033
EUW1_7588761849,ZJT_6SrlWofFkf_a8XXtdZax3q9uLhjkZLqy-sAwsqt_grrBqKcjsSuMq89N-L6SHR95yPCSAwFJpw,,Ashe,9,2185341,ITEM_DESTROYED,3006
EUW1_7588761849,ZJT_6SrlWofFkf_a8XXtdZax3q9uLhjkZLqy-sAwsqt_grrBqKcjsSuMq89N-L6SHR95yPCSAwFJpw,,Ashe,9,2185341,ITEM_PURCHASED,3172
EUW1_7588761849,_-XgXn8IOpFtCCkVgoeY8TJXFEtXfh8lTLQTitCwibx0EjEekAgwE-ngbB8QaZGIsu0Bfc5y1kIByg,,Alistar,10,9765,ITEM_PURCHASED,2003
EUW1_7588761849,_-XgXn8IOpFtCCkVgoeY8TJXFEtXfh8lTLQTitCwibx0EjEekAgwE-ngbB8QaZGIsu0Bfc5y1kIByg,,Alistar,10,9899,ITEM_PURCHASED,2003
EUW1_7588761849,_-XgXn8IOpFtCCkVgoeY8TJXFEtXfh8lTLQTitCwibx0EjEekAgwE-ngbB8QaZGIsu0Bfc5y1kIByg,,Alistar,10,131575,ITEM_DESTROYED,2003
EUW1_7588761849,_-XgXn8IOpFtCCkVgoeY8TJXFEtXfh8lTLQTitCwibx0EjEekAgwE-ngbB8QaZGIsu0Bfc5y1kIByg,,Alistar,10,272361,ITEM_PURCHASED,3067
EUW1_7588761849,_-XgXn8IOpFtCCkVgoeY8TJXFEtXfh8lTLQTitCwibx0EjEekAgwE-ngbB8QaZGIsu0Bfc5y1kIByg,,Alistar,10,273567,ITEM_PURCHASED,2055
EUW1_7588761849,_-XgXn8IOpFtCCkVgoeY8TJXFEtXfh8lTLQTitCwibx0EjEekAgwE-ngbB8QaZGIsu0Bfc5y1kIByg,,Alistar,10,309751,ITEM_DESTROYED,2055
EUW1_7588761849,_-XgXn8IOpFtCCkVgoeY8TJXFEtXfh8lTLQTitCwibx0EjEekAgwE-ngbB8QaZGIsu0Bfc5y1kIByg,,Alistar,10,334711,ITEM_DESTROYED,2003
EUW1_7588761849,_-XgXn8IOpFtCCkVgoeY8TJXFEtXfh8lTLQTitCwibx0EjEekAgwE-ngbB8QaZGIsu0Bfc5y1kIByg,,Alistar,10,454778,ITEM_PURCHASED,1029
EUW1_7588761849,_-XgXn8IOpFtCCkVgoeY8TJXFEtXfh8lTLQTitCwibx0EjEekAgwE-ngbB8QaZGIsu0Bfc5y1kIByg,,Alistar,10,455513,ITEM_PURCHASED,1001
EUW1_7588761849,_-XgXn8IOpFtCCkVgoeY8TJXFEtXfh8lTLQTitCwibx0EjEekAgwE-ngbB8QaZGIsu0Bfc5y1kIByg,,Alistar,10,457918,ITEM_PURCHASED,2055
EUW1_7588761849,_-XgXn8IOpFtCCkVgoeY8TJXFEtXfh8lTLQTitCwibx0EjEekAgwE-ngbB8QaZGIsu0Bfc5y1kIByg,,Alistar,10,458319,ITEM_PURCHASED,2003
EUW1_7588761849,_-XgXn8IOpFtCCkVgoeY8TJXFEtXfh8lTLQTitCwibx0EjEekAgwE-ngbB8QaZGIsu0Bfc5y1kIByg,,Alistar,10,492254,ITEM_DESTROYED,2055
EUW1_7588761849,_-XgXn8IOpFtCCkVgoeY8TJXFEtXfh8lTLQTitCwibx0EjEekAgwE-ngbB8QaZGIsu0Bfc5y1kIByg,,Alistar,10,498511,ITEM_DESTROYED,3865
EUW1_7588761849,_-XgXn8IOpFtCCkVgoeY8TJXFEtXfh8lTLQTitCwibx0EjEekAgwE-ngbB8QaZGIsu0Bfc5y1kIByg,,Alistar,10,616060,ITEM_DESTROYED,2003
EUW1_7588761849,_-XgXn8IOpFtCCkVgoeY8TJXFEtXfh8lTLQTitCwibx0EjEekAgwE-ngbB8QaZGIsu0Bfc5y1kIByg,,Alistar,10,653461,ITEM_PURCHASED,1033
EUW1_7588761849,_-XgXn8IOpFtCCkVgoeY8TJXFEtXfh8lTLQTitCwibx0EjEekAgwE-ngbB8QaZGIsu0Bfc5y1kIByg,,Alistar,10,657886,ITEM_PURCHASED,1028
EUW1_7588761849,_-XgXn8IOpFtCCkVgoeY8TJXFEtXfh8lTLQTitCwibx0EjEekAgwE-ngbB8QaZGIsu0Bfc5y1kIByg,,Alistar,10,834023,ITEM_DESTROYED,3866
EUW1_7588761849,_-XgXn8IOpFtCCkVgoeY8TJXFEtXfh8lTLQTitCwibx0EjEekAgwE-ngbB8QaZGIsu0Bfc5y1kIByg,,Alistar,10,836103,ITEM_DESTROYED,3867
EUW1_7588761849,_-XgXn8IOpFtCCkVgoeY8TJXFEtXfh8lTLQTitCwibx0EjEekAgwE-ngbB8QaZGIsu0Bfc5y1kIByg,,Alistar,10,900253,ITEM_DESTROYED,3067
EUW1_7588761849,_-XgXn8IOpFtCCkVgoeY8TJXFEtXfh8lTLQTitCwibx0EjEekAgwE-ngbB8QaZGIsu0Bfc5y1kIByg,,Alistar,10,900253,ITEM_DESTROYED,1029
EUW1_7588761849,_-XgXn8IOpFtCCkVgoeY8TJXFEtXfh8lTLQTitCwibx0EjEekAgwE-ngbB8QaZGIsu0Bfc5y1kIByg,,Alistar,10,900253,ITEM_DESTROYED,1033
EUW1_7588761849,_-XgXn8IOpFtCCkVgoeY8TJXFEtXfh8lTLQTitCwibx0EjEekAgwE-ngbB8QaZGIsu0Bfc5y1kIByg,,Alistar,10,900253,ITEM_PURCHASED,3190
EUW1_7588761849,_-XgXn8IOpFtCCkVgoeY8TJXFEtXfh8lTLQTitCwibx0EjEekAgwE-ngbB8QaZGIsu0Bfc5y1kIByg,,Alistar,10,900997,ITEM_PURCHASED,2055
EUW1_7588761849,_-XgXn8IOpFtCCkVgoeY8TJXFEtXfh8lTLQTitCwibx0EjEekAgwE-ngbB8QaZGIsu0Bfc5y1kIByg,,Alistar,10,901431,ITEM_DESTROYED,3340
EUW1_7588761849,_-XgXn8IOpFtCCkVgoeY8TJXFEtXfh8lTLQTitCwibx0EjEekAgwE-ngbB8QaZGIsu0Bfc5y1kIByg,,Alistar,10,901431,ITEM_PURCHASED,3364
EUW1_7588761849,_-XgXn8IOpFtCCkVgoeY8TJXFEtXfh8lTLQTitCwibx0EjEekAgwE-ngbB8QaZGIsu0Bfc5y1kIByg,,Alistar,10,1083405,ITEM_DESTROYED,1028
EUW1_7588761849,_-XgXn8IOpFtCCkVgoeY8TJXFEtXfh8lTLQTitCwibx0EjEekAgwE-ngbB8QaZGIsu0Bfc5y1kIByg,,Alistar,10,1083405,ITEM_PURCHASED,3067
EUW1_7588761849,_-XgXn8IOpFtCCkVgoeY8TJXFEtXfh8lTLQTitCwibx0EjEekAgwE-ngbB8QaZGIsu0Bfc5y1kIByg,,Alistar,10,1083940,ITEM_PURCHASED,1004
EUW1_7588761849,_-XgXn8IOpFtCCkVgoeY8TJXFEtXfh8lTLQTitCwibx0EjEekAgwE-ngbB8QaZGIsu0Bfc5y1kIByg,,Alistar,10,1249525,ITEM_DESTROYED,2055
EUW1_7588761849,_-XgXn8IOpFtCCkVgoeY8TJXFEtXfh8lTLQTitCwibx0EjEekAgwE-ngbB8QaZGIsu0Bfc5y1kIByg,,Alistar,10,1265050,ITEM_DESTROYED,1001
EUW1_7588761849,_-XgXn8IOpFtCCkVgoeY8TJXFEtXfh8lTLQTitCwibx0EjEekAgwE-ngbB8QaZGIsu0Bfc5y1kIByg,,Alistar,10,1265050,ITEM_PURCHASED,3009
EUW1_7588761849,_-XgXn8IOpFtCCkVgoeY8TJXFEtXfh8lTLQTitCwibx0EjEekAgwE-ngbB8QaZGIsu0Bfc5y1kIByg,,Alistar,10,1422951,ITEM_DESTROYED,3067
EUW1_7588761849,_-XgXn8IOpFtCCkVgoeY8TJXFEtXfh8lTLQTitCwibx0EjEekAgwE-ngbB8QaZGIsu0Bfc5y1kIByg,,Alistar,10,1422951,ITEM_DESTROYED,1004
EUW1_7588761849,_-XgXn8IOpFtCCkVgoeY8TJXFEtXfh8lTLQTitCwibx0EjEekAgwE-ngbB8QaZGIsu0Bfc5y1kIByg,,Alistar,10,1422951,ITEM_PURCHASED,3107
EUW1_7588761849,_-XgXn8IOpFtCCkVgoeY8TJXFEtXfh8lTLQTitCwibx0EjEekAgwE-ngbB8QaZGIsu0Bfc5y1kIByg,,Alistar,10,1518508,ITEM_PURCHASED,1029
EUW1_7588761849,_-XgXn8IOpFtCCkVgoeY8TJXFEtXfh8lTLQTitCwibx0EjEekAgwE-ngbB8QaZGIsu0Bfc5y1kIByg,,Alistar,10,1549186,ITEM_PURCHASED,2055
EUW1_7588761849,_-XgXn8IOpFtCCkVgoeY8TJXFEtXfh8lTLQTitCwibx0EjEekAgwE-ngbB8QaZGIsu0Bfc5y1kIByg,,Alistar,10,1641873,ITEM_DESTROYED,3009
EUW1_7588761849,_-XgXn8IOpFtCCkVgoeY8TJXFEtXfh8lTLQTitCwibx0EjEekAgwE-ngbB8QaZGIsu0Bfc5y1kIByg,,Alistar,10,1641873,ITEM_PURCHASED,3170
EUW1_7588761849,_-XgXn8IOpFtCCkVgoeY8TJXFEtXfh8lTLQTitCwibx0EjEekAgwE-ngbB8QaZGIsu0Bfc5y1kIByg,,Alistar,10,1864886,ITEM_DESTROYED,2055
EUW1_7588761849,_-XgXn8IOpFtCCkVgoeY8TJXFEtXfh8lTLQTitCwibx0EjEekAgwE-ngbB8QaZGIsu0Bfc5y1kIByg,,Alistar,10,1866356,ITEM_PURCHASED,3067
EUW1_7588761849,_-XgXn8IOpFtCCkVgoeY8TJXFEtXfh8lTLQTitCwibx0EjEekAgwE-ngbB8QaZGIsu0Bfc5y1kIByg,,Alistar,10,2022605,ITEM_DESTROYED,3067
EUW1_7588761849,_-XgXn8IOpFtCCkVgoeY8TJXFEtXfh8lTLQTitCwibx0EjEekAgwE-ngbB8QaZGIsu0Bfc5y1kIByg,,Alistar,10,2022605,ITEM_DESTROYED,1029
EUW1_7588761849,_-XgXn8IOpFtCCkVgoeY8TJXFEtXfh8lTLQTitCwibx0EjEekAgwE-ngbB8QaZGIsu0Bfc5y1kIByg,,Alistar,10,2022605,ITEM_PURCHASED,3050
EUW1_7588761849,_-XgXn8IOpFtCCkVgoeY8TJXFEtXfh8lTLQTitCwibx0EjEekAgwE-ngbB8QaZGIsu0Bfc5y1kIByg,,Alistar,10,2024076,ITEM_PURCHASED,1029
EUW1_7588761849,_-XgXn8IOpFtCCkVgoeY8TJXFEtXfh8lTLQTitCwibx0EjEekAgwE-ngbB8QaZGIsu0Bfc5y1kIByg,,Alistar,10,2247447,ITEM_DESTROYED,1029
EUW1_7588761849,_-XgXn8IOpFtCCkVgoeY8TJXFEtXfh8lTLQTitCwibx0EjEekAgwE-ngbB8QaZGIsu0Bfc5y1kIByg,,Alistar,10,2247447,ITEM_PURCHASED,3076
